chapter,chapter_title,source_topic,slide,slide_title
3,"Bits, Bytes, and Binary Data",Chapter opening,1,"Chapter 3 — Bits, Bytes, and Binary Data"
3,"Bits, Bytes, and Binary Data",Learning objectives,2,What This Chapter Builds
3,"Bits, Bytes, and Binary Data",Roadmap,3,Chapter Roadmap
3,"Bits, Bytes, and Binary Data",3.1 Bits,4,3.1 Bits
3,"Bits, Bytes, and Binary Data",3.1 Bits,5,3.1 Bits — Deep Dive
3,"Bits, Bytes, and Binary Data",3.2 Bytes,6,3.2 Bytes
3,"Bits, Bytes, and Binary Data",3.2 Bytes,7,3.2 Bytes — Deep Dive
3,"Bits, Bytes, and Binary Data",3.3 Number Bases,8,3.3 Number Bases
3,"Bits, Bytes, and Binary Data",3.3 Number Bases,9,3.3 Number Bases — Deep Dive
3,"Bits, Bytes, and Binary Data",3.4 Bitwise Operations,10,3.4 Bitwise Operations
3,"Bits, Bytes, and Binary Data",3.4 Bitwise Operations,11,3.4 Bitwise Operations — Deep Dive
3,"Bits, Bytes, and Binary Data",Worked example — Updating one packed field,12,Worked example — Updating one packed field
3,"Bits, Bytes, and Binary Data",Worked example — Updating one packed field,13,Worked example — Updating one packed field — Deep Dive
3,"Bits, Bytes, and Binary Data",Worked example — Building and extracting a bit field,14,Worked example — Building and extracting a bit field
3,"Bits, Bytes, and Binary Data",Worked example — Building and extracting a bit field,15,Worked example — Building and extracting a bit field — Deep Dive
3,"Bits, Bytes, and Binary Data",Worked example — Converting hexadecimal to binary,16,Worked example — Converting hexadecimal to binary
3,"Bits, Bytes, and Binary Data",Worked example — Converting hexadecimal to binary,17,Worked example — Converting hexadecimal to binary — Deep Dive
3,"Bits, Bytes, and Binary Data",Guided lab and review,18,Guided lab and review
3,"Bits, Bytes, and Binary Data",Guided lab and review,19,Guided lab and review — Deep Dive
3,"Bits, Bytes, and Binary Data",Chapter synthesis,20,Chapter Synthesis
3,"Bits, Bytes, and Binary Data",Review and transition,21,Review and Transition
4,Integer Representation,Chapter opening,1,Chapter 4 — Integer Representation
4,Integer Representation,Learning objectives,2,What This Chapter Builds
4,Integer Representation,Roadmap,3,Chapter Roadmap
4,Integer Representation,4.1 Unsigned Integers,4,4.1 Unsigned Integers
4,Integer Representation,4.1 Unsigned Integers,5,4.1 Unsigned Integers — Deep Dive
4,Integer Representation,4.2 Signed Integers,6,4.2 Signed Integers
4,Integer Representation,4.2 Signed Integers,7,4.2 Signed Integers — Deep Dive
4,Integer Representation,4.3 Integer Conversion,8,4.3 Integer Conversion
4,Integer Representation,4.3 Integer Conversion,9,4.3 Integer Conversion — Deep Dive
4,Integer Representation,4.4 Integer Arithmetic,10,4.4 Integer Arithmetic
4,Integer Representation,4.4 Integer Arithmetic,11,4.4 Integer Arithmetic — Deep Dive
4,Integer Representation,Worked example — Checking a byte-count calculation,12,Worked example — Checking a byte-count calculation
4,Integer Representation,Worked example — Checking a byte-count calculation,13,Worked example — Checking a byte-count calculation — Deep Dive
4,Integer Representation,Worked example — Two’s-complement negation,14,Worked example — Two’s-complement negation
4,Integer Representation,Worked example — Two’s-complement negation,15,Worked example — Two’s-complement negation — Deep Dive
4,Integer Representation,Worked example — Detecting an unsigned wrap,16,Worked example — Detecting an unsigned wrap
4,Integer Representation,Worked example — Detecting an unsigned wrap,17,Worked example — Detecting an unsigned wrap — Deep Dive
4,Integer Representation,Guided lab and review,18,Guided lab and review
4,Integer Representation,Guided lab and review,19,Guided lab and review — Deep Dive
4,Integer Representation,Chapter synthesis,20,Chapter Synthesis
4,Integer Representation,Review and transition,21,Review and Transition
5,Floating-Point Representation,Chapter opening,1,Chapter 5 — Floating-Point Representation
5,Floating-Point Representation,Learning objectives,2,What This Chapter Builds
5,Floating-Point Representation,Roadmap,3,Chapter Roadmap
5,Floating-Point Representation,5.1 Floating-Point Concepts,4,5.1 Floating-Point Concepts
5,Floating-Point Representation,5.1 Floating-Point Concepts,5,5.1 Floating-Point Concepts — Deep Dive
5,Floating-Point Representation,5.2 IEEE 754,6,5.2 IEEE 754
5,Floating-Point Representation,5.2 IEEE 754,7,5.2 IEEE 754 — Deep Dive
5,Floating-Point Representation,5.3 Floating-Point Arithmetic,8,5.3 Floating-Point Arithmetic
5,Floating-Point Representation,5.3 Floating-Point Arithmetic,9,5.3 Floating-Point Arithmetic — Deep Dive
5,Floating-Point Representation,Worked example — Encoding 13.25 as binary32,10,Worked example — Encoding 13.25 as binary32
5,Floating-Point Representation,Worked example — Encoding 13.25 as binary32,11,Worked example — Encoding 13.25 as binary32 — Deep Dive
5,Floating-Point Representation,Worked example — Why 0.1 is approximate,12,Worked example — Why 0.1 is approximate
5,Floating-Point Representation,Worked example — Why 0.1 is approximate,13,Worked example — Why 0.1 is approximate — Deep Dive
5,Floating-Point Representation,Worked example — Classifying an IEEE 754 value,14,Worked example — Classifying an IEEE 754 value
5,Floating-Point Representation,Worked example — Classifying an IEEE 754 value,15,Worked example — Classifying an IEEE 754 value — Deep Dive
5,Floating-Point Representation,Guided lab and review,16,Guided lab and review
5,Floating-Point Representation,Guided lab and review,17,Guided lab and review — Deep Dive
5,Floating-Point Representation,Chapter synthesis,18,Chapter Synthesis
5,Floating-Point Representation,Review and transition,19,Review and Transition
6,Memory Layout,Chapter opening,1,Chapter 6 — Memory Layout
6,Memory Layout,Learning objectives,2,What This Chapter Builds
6,Memory Layout,Roadmap,3,Chapter Roadmap
6,Memory Layout,6.1 Arrays,4,6.1 Arrays
6,Memory Layout,6.1 Arrays,5,6.1 Arrays — Deep Dive
6,Memory Layout,6.2 Structures,6,6.2 Structures
6,Memory Layout,6.2 Structures,7,6.2 Structures — Deep Dive
6,Memory Layout,6.3 Unions,8,6.3 Unions
6,Memory Layout,6.3 Unions,9,6.3 Unions — Deep Dive
6,Memory Layout,6.4 Endianness,10,6.4 Endianness
6,Memory Layout,6.4 Endianness,11,6.4 Endianness — Deep Dive
6,Memory Layout,6.5 Alignment,12,6.5 Alignment
6,Memory Layout,6.5 Alignment,13,6.5 Alignment — Deep Dive
6,Memory Layout,Worked example — Accounting for every byte,14,Worked example — Accounting for every byte
6,Memory Layout,Worked example — Accounting for every byte,15,Worked example — Accounting for every byte — Deep Dive
6,Memory Layout,Worked example — Computing an array address,16,Worked example — Computing an array address
6,Memory Layout,Worked example — Computing an array address,17,Worked example — Computing an array address — Deep Dive
6,Memory Layout,Worked example — Predicting structure padding,18,Worked example — Predicting structure padding
6,Memory Layout,Worked example — Predicting structure padding,19,Worked example — Predicting structure padding — Deep Dive
6,Memory Layout,Guided lab and review,20,Guided lab and review
6,Memory Layout,Guided lab and review,21,Guided lab and review — Deep Dive
6,Memory Layout,Chapter synthesis,22,Chapter Synthesis
6,Memory Layout,Review and transition,23,Review and Transition
7,Pointers and Address Arithmetic,Chapter opening,1,Chapter 7 — Pointers and Address Arithmetic
7,Pointers and Address Arithmetic,Learning objectives,2,What This Chapter Builds
7,Pointers and Address Arithmetic,Roadmap,3,Chapter Roadmap
7,Pointers and Address Arithmetic,7.1 Addresses versus pointers,4,7.1 Addresses versus pointers
7,Pointers and Address Arithmetic,7.1 Addresses versus pointers,5,7.1 Addresses versus pointers — Deep Dive
7,Pointers and Address Arithmetic,7.2 Dereferencing,6,7.2 Dereferencing
7,Pointers and Address Arithmetic,7.2 Dereferencing,7,7.2 Dereferencing — Deep Dive
7,Pointers and Address Arithmetic,7.3 Pointer arithmetic,8,7.3 Pointer arithmetic
7,Pointers and Address Arithmetic,7.3 Pointer arithmetic,9,7.3 Pointer arithmetic — Deep Dive
7,Pointers and Address Arithmetic,7.4 Arrays and pointers,10,7.4 Arrays and pointers
7,Pointers and Address Arithmetic,7.4 Arrays and pointers,11,7.4 Arrays and pointers — Deep Dive
7,Pointers and Address Arithmetic,7.5 Iterators,12,7.5 Iterators
7,Pointers and Address Arithmetic,7.5 Iterators,13,7.5 Iterators — Deep Dive
7,Pointers and Address Arithmetic,7.6 Pointer comparisons,14,7.6 Pointer comparisons
7,Pointers and Address Arithmetic,7.6 Pointer comparisons,15,7.6 Pointer comparisons — Deep Dive
7,Pointers and Address Arithmetic,7.7 Pointer validity,16,7.7 Pointer validity
7,Pointers and Address Arithmetic,7.7 Pointer validity,17,7.7 Pointer validity — Deep Dive
7,Pointers and Address Arithmetic,7.8 Aliasing,18,7.8 Aliasing
7,Pointers and Address Arithmetic,7.8 Aliasing,19,7.8 Aliasing — Deep Dive
7,Pointers and Address Arithmetic,Worked example — A bounded cursor,20,Worked example — A bounded cursor
7,Pointers and Address Arithmetic,Worked example — A bounded cursor,21,Worked example — A bounded cursor — Deep Dive
7,Pointers and Address Arithmetic,Worked example — Walking a bounded range,22,Worked example — Walking a bounded range
7,Pointers and Address Arithmetic,Worked example — Walking a bounded range,23,Worked example — Walking a bounded range — Deep Dive
7,Pointers and Address Arithmetic,Worked example — Recognizing an aliasing hazard,24,Worked example — Recognizing an aliasing hazard
7,Pointers and Address Arithmetic,Worked example — Recognizing an aliasing hazard,25,Worked example — Recognizing an aliasing hazard — Deep Dive
7,Pointers and Address Arithmetic,Guided lab and review,26,Guided lab and review
7,Pointers and Address Arithmetic,Guided lab and review,27,Guided lab and review — Deep Dive
7,Pointers and Address Arithmetic,Chapter synthesis,28,Chapter Synthesis
7,Pointers and Address Arithmetic,Review and transition,29,Review and Transition
8,Process Memory Layout,Chapter opening,1,Chapter 8 — Process Memory Layout
8,Process Memory Layout,Learning objectives,2,What This Chapter Builds
8,Process Memory Layout,Roadmap,3,Chapter Roadmap
8,Process Memory Layout,8.1 Code/text segment,4,8.1 Code/text segment
8,Process Memory Layout,8.1 Code/text segment,5,8.1 Code/text segment — Deep Dive
8,Process Memory Layout,8.2 Read-only data,6,8.2 Read-only data
8,Process Memory Layout,8.2 Read-only data,7,8.2 Read-only data — Deep Dive
8,Process Memory Layout,8.3 Initialized data,8,8.3 Initialized data
8,Process Memory Layout,8.3 Initialized data,9,8.3 Initialized data — Deep Dive
8,Process Memory Layout,8.4 Uninitialized data,10,8.4 Uninitialized data
8,Process Memory Layout,8.4 Uninitialized data,11,8.4 Uninitialized data — Deep Dive
8,Process Memory Layout,8.5 Heap,12,8.5 Heap
8,Process Memory Layout,8.5 Heap,13,8.5 Heap — Deep Dive
8,Process Memory Layout,8.6 Stack,14,8.6 Stack
8,Process Memory Layout,8.6 Stack,15,8.6 Stack — Deep Dive
8,Process Memory Layout,8.7 Command-line arguments,16,8.7 Command-line arguments
8,Process Memory Layout,8.7 Command-line arguments,17,8.7 Command-line arguments — Deep Dive
8,Process Memory Layout,8.8 Environment,18,8.8 Environment
8,Process Memory Layout,8.8 Environment,19,8.8 Environment — Deep Dive
8,Process Memory Layout,Worked example — Predicting placement without assuming addresses,20,Worked example — Predicting placement without assuming addresses
8,Process Memory Layout,Worked example — Predicting placement without assuming addresses,21,Worked example — Predicting placement without assuming addresses — Deep Dive
8,Process Memory Layout,Worked example — Placing common objects conceptually,22,Worked example — Placing common objects conceptually
8,Process Memory Layout,Worked example — Placing common objects conceptually,23,Worked example — Placing common objects conceptually — Deep Dive
8,Process Memory Layout,Worked example — Estimating stack growth,24,Worked example — Estimating stack growth
8,Process Memory Layout,Worked example — Estimating stack growth,25,Worked example — Estimating stack growth — Deep Dive
8,Process Memory Layout,Guided lab and review,26,Guided lab and review
8,Process Memory Layout,Guided lab and review,27,Guided lab and review — Deep Dive
8,Process Memory Layout,Chapter synthesis,28,Chapter Synthesis
8,Process Memory Layout,Review and transition,29,Review and Transition
9,Dynamic Memory,Chapter opening,1,Chapter 9 — Dynamic Memory
9,Dynamic Memory,Learning objectives,2,What This Chapter Builds
9,Dynamic Memory,Roadmap,3,Chapter Roadmap
9,Dynamic Memory,9.1 Heap allocation,4,9.1 Heap allocation
9,Dynamic Memory,9.1 Heap allocation,5,9.1 Heap allocation — Deep Dive
9,Dynamic Memory,9.2 malloc,6,9.2 malloc
9,Dynamic Memory,9.2 malloc,7,9.2 malloc — Deep Dive
9,Dynamic Memory,9.3 calloc,8,9.3 calloc
9,Dynamic Memory,9.3 calloc,9,9.3 calloc — Deep Dive
9,Dynamic Memory,9.4 realloc,10,9.4 realloc
9,Dynamic Memory,9.4 realloc,11,9.4 realloc — Deep Dive
9,Dynamic Memory,9.5 free,12,9.5 free
9,Dynamic Memory,9.5 free,13,9.5 free — Deep Dive
9,Dynamic Memory,9.6 new,14,9.6 new
9,Dynamic Memory,9.6 new,15,9.6 new — Deep Dive
9,Dynamic Memory,9.7 delete,16,9.7 delete
9,Dynamic Memory,9.7 delete,17,9.7 delete — Deep Dive
9,Dynamic Memory,9.8 Allocation lifetime,18,9.8 Allocation lifetime
9,Dynamic Memory,9.8 Allocation lifetime,19,9.8 Allocation lifetime — Deep Dive
9,Dynamic Memory,9.9 Ownership,20,9.9 Ownership
9,Dynamic Memory,9.9 Ownership,21,9.9 Ownership — Deep Dive
9,Dynamic Memory,Worked example — Growing a C buffer without losing ownership,22,Worked example — Growing a C buffer without losing ownership
9,Dynamic Memory,Worked example — Growing a C buffer without losing ownership,23,Worked example — Growing a C buffer without losing ownership — Deep Dive
9,Dynamic Memory,Worked example — Growing a dynamic array safely,24,Worked example — Growing a dynamic array safely
9,Dynamic Memory,Worked example — Growing a dynamic array safely,25,Worked example — Growing a dynamic array safely — Deep Dive
9,Dynamic Memory,Worked example — Matching allocation families,26,Worked example — Matching allocation families
9,Dynamic Memory,Worked example — Matching allocation families,27,Worked example — Matching allocation families — Deep Dive
9,Dynamic Memory,Guided lab and review,28,Guided lab and review
9,Dynamic Memory,Guided lab and review,29,Guided lab and review — Deep Dive
9,Dynamic Memory,Chapter synthesis,30,Chapter Synthesis
9,Dynamic Memory,Review and transition,31,Review and Transition
10,Memory Allocators,Chapter opening,1,Chapter 10 — Memory Allocators
10,Memory Allocators,Learning objectives,2,What This Chapter Builds
10,Memory Allocators,Roadmap,3,Chapter Roadmap
10,Memory Allocators,10.1 Blocks,4,10.1 Blocks
10,Memory Allocators,10.1 Blocks,5,10.1 Blocks — Deep Dive
10,Memory Allocators,10.2 Metadata,6,10.2 Metadata
10,Memory Allocators,10.2 Metadata,7,10.2 Metadata — Deep Dive
10,Memory Allocators,10.3 Free lists,8,10.3 Free lists
10,Memory Allocators,10.3 Free lists,9,10.3 Free lists — Deep Dive
10,Memory Allocators,10.4 First fit,10,10.4 First fit
10,Memory Allocators,10.4 First fit,11,10.4 First fit — Deep Dive
10,Memory Allocators,10.5 Best fit,12,10.5 Best fit
10,Memory Allocators,10.5 Best fit,13,10.5 Best fit — Deep Dive
10,Memory Allocators,10.6 Block splitting,14,10.6 Block splitting
10,Memory Allocators,10.6 Block splitting,15,10.6 Block splitting — Deep Dive
10,Memory Allocators,10.7 Coalescing,16,10.7 Coalescing
10,Memory Allocators,10.7 Coalescing,17,10.7 Coalescing — Deep Dive
10,Memory Allocators,10.8 Alignment,18,10.8 Alignment
10,Memory Allocators,10.8 Alignment,19,10.8 Alignment — Deep Dive
10,Memory Allocators,10.9 Internal fragmentation,20,10.9 Internal fragmentation
10,Memory Allocators,10.9 Internal fragmentation,21,10.9 Internal fragmentation — Deep Dive
10,Memory Allocators,10.10 External fragmentation,22,10.10 External fragmentation
10,Memory Allocators,10.10 External fragmentation,23,10.10 External fragmentation — Deep Dive
10,Memory Allocators,10.11 Arena allocation,24,10.11 Arena allocation
10,Memory Allocators,10.11 Arena allocation,25,10.11 Arena allocation — Deep Dive
10,Memory Allocators,Worked example — A bounded bump arena,26,Worked example — A bounded bump arena
10,Memory Allocators,Worked example — A bounded bump arena,27,Worked example — A bounded bump arena — Deep Dive
10,Memory Allocators,Worked example — Splitting a free block,28,Worked example — Splitting a free block
10,Memory Allocators,Worked example — Splitting a free block,29,Worked example — Splitting a free block — Deep Dive
10,Memory Allocators,Worked example — Coalescing neighbors,30,Worked example — Coalescing neighbors
10,Memory Allocators,Worked example — Coalescing neighbors,31,Worked example — Coalescing neighbors — Deep Dive
10,Memory Allocators,Staged project — A reusable free-list allocator,32,Staged project — A reusable free-list allocator
10,Memory Allocators,Staged project — A reusable free-list allocator,33,Staged project — A reusable free-list allocator — Deep Dive
10,Memory Allocators,Guided lab and review,34,Guided lab and review
10,Memory Allocators,Guided lab and review,35,Guided lab and review — Deep Dive
10,Memory Allocators,Chapter synthesis,36,Chapter Synthesis
10,Memory Allocators,Review and transition,37,Review and Transition
11,Memory Errors,Chapter opening,1,Chapter 11 — Memory Errors
11,Memory Errors,Learning objectives,2,What This Chapter Builds
11,Memory Errors,Roadmap,3,Chapter Roadmap
11,Memory Errors,11.1 Buffer overflow,4,11.1 Buffer overflow
11,Memory Errors,11.1 Buffer overflow,5,11.1 Buffer overflow — Deep Dive
11,Memory Errors,11.2 Out-of-bounds access,6,11.2 Out-of-bounds access
11,Memory Errors,11.2 Out-of-bounds access,7,11.2 Out-of-bounds access — Deep Dive
11,Memory Errors,11.3 Memory leaks,8,11.3 Memory leaks
11,Memory Errors,11.3 Memory leaks,9,11.3 Memory leaks — Deep Dive
11,Memory Errors,11.4 Double free,10,11.4 Double free
11,Memory Errors,11.4 Double free,11,11.4 Double free — Deep Dive
11,Memory Errors,11.5 Invalid free,12,11.5 Invalid free
11,Memory Errors,11.5 Invalid free,13,11.5 Invalid free — Deep Dive
11,Memory Errors,11.6 Use-after-free,14,11.6 Use-after-free
11,Memory Errors,11.6 Use-after-free,15,11.6 Use-after-free — Deep Dive
11,Memory Errors,11.7 Dangling pointers,16,11.7 Dangling pointers
11,Memory Errors,11.7 Dangling pointers,17,11.7 Dangling pointers — Deep Dive
11,Memory Errors,11.8 Uninitialized memory,18,11.8 Uninitialized memory
11,Memory Errors,11.8 Uninitialized memory,19,11.8 Uninitialized memory — Deep Dive
11,Memory Errors,11.9 Undefined behavior,20,11.9 Undefined behavior
11,Memory Errors,11.9 Undefined behavior,21,11.9 Undefined behavior — Deep Dive
11,Memory Errors,11.10 Sanitizers,22,11.10 Sanitizers
11,Memory Errors,11.10 Sanitizers,23,11.10 Sanitizers — Deep Dive
11,Memory Errors,Worked example — Replacing an unchecked copy contract,24,Worked example — Replacing an unchecked copy contract
11,Memory Errors,Worked example — Replacing an unchecked copy contract,25,Worked example — Replacing an unchecked copy contract — Deep Dive
11,Memory Errors,Worked example — Finding an off-by-one overflow,26,Worked example — Finding an off-by-one overflow
11,Memory Errors,Worked example — Finding an off-by-one overflow,27,Worked example — Finding an off-by-one overflow — Deep Dive
11,Memory Errors,Worked example — Diagnosing use-after-free,28,Worked example — Diagnosing use-after-free
11,Memory Errors,Worked example — Diagnosing use-after-free,29,Worked example — Diagnosing use-after-free — Deep Dive
11,Memory Errors,Guided lab and review,30,Guided lab and review
11,Memory Errors,Guided lab and review,31,Guided lab and review — Deep Dive
11,Memory Errors,Chapter synthesis,32,Chapter Synthesis
11,Memory Errors,Review and transition,33,Review and Transition
12,Instruction Set Architecture,Chapter opening,1,Chapter 12 — Instruction Set Architecture
12,Instruction Set Architecture,Learning objectives,2,What This Chapter Builds
12,Instruction Set Architecture,Roadmap,3,Chapter Roadmap
12,Instruction Set Architecture,12.1 Machine instructions,4,12.1 Machine instructions
12,Instruction Set Architecture,12.1 Machine instructions,5,12.1 Machine instructions — Deep Dive
12,Instruction Set Architecture,12.2 Registers,6,12.2 Registers
12,Instruction Set Architecture,12.2 Registers,7,12.2 Registers — Deep Dive
12,Instruction Set Architecture,12.3 Memory,8,12.3 Memory
12,Instruction Set Architecture,12.3 Memory,9,12.3 Memory — Deep Dive
12,Instruction Set Architecture,12.4 Program counter,10,12.4 Program counter
12,Instruction Set Architecture,12.4 Program counter,11,12.4 Program counter — Deep Dive
12,Instruction Set Architecture,12.5 Processor state,12,12.5 Processor state
12,Instruction Set Architecture,12.5 Processor state,13,12.5 Processor state — Deep Dive
12,Instruction Set Architecture,12.6 ISA versus microarchitecture,14,12.6 ISA versus microarchitecture
12,Instruction Set Architecture,12.6 ISA versus microarchitecture,15,12.6 ISA versus microarchitecture — Deep Dive
12,Instruction Set Architecture,Worked example — Tracing a tiny abstract machine,16,Worked example — Tracing a tiny abstract machine
12,Instruction Set Architecture,Worked example — Tracing a tiny abstract machine,17,Worked example — Tracing a tiny abstract machine — Deep Dive
12,Instruction Set Architecture,Worked example — Separating ISA from implementation,18,Worked example — Separating ISA from implementation
12,Instruction Set Architecture,Worked example — Separating ISA from implementation,19,Worked example — Separating ISA from implementation — Deep Dive
12,Instruction Set Architecture,Worked example — Updating architectural state,20,Worked example — Updating architectural state
12,Instruction Set Architecture,Worked example — Updating architectural state,21,Worked example — Updating architectural state — Deep Dive
12,Instruction Set Architecture,Guided lab and review,22,Guided lab and review
12,Instruction Set Architecture,Guided lab and review,23,Guided lab and review — Deep Dive
12,Instruction Set Architecture,Chapter synthesis,24,Chapter Synthesis
12,Instruction Set Architecture,Review and transition,25,Review and Transition
13,x86-64 Registers,Chapter opening,1,Chapter 13 — x86-64 Registers
13,x86-64 Registers,Learning objectives,2,What This Chapter Builds
13,x86-64 Registers,Roadmap,3,Chapter Roadmap
13,x86-64 Registers,13.1 General-purpose registers,4,13.1 General-purpose registers
13,x86-64 Registers,13.1 General-purpose registers,5,13.1 General-purpose registers — Deep Dive
13,x86-64 Registers,13.2 Register widths,6,13.2 Register widths
13,x86-64 Registers,13.2 Register widths,7,13.2 Register widths — Deep Dive
13,x86-64 Registers,13.3 %rax,8,13.3 %rax
13,x86-64 Registers,13.3 %rax,9,13.3 %rax — Deep Dive
13,x86-64 Registers,13.4 %rbx,10,13.4 %rbx
13,x86-64 Registers,13.4 %rbx,11,13.4 %rbx — Deep Dive
13,x86-64 Registers,13.5 %rcx,12,13.5 %rcx
13,x86-64 Registers,13.5 %rcx,13,13.5 %rcx — Deep Dive
13,x86-64 Registers,13.6 %rdx,14,13.6 %rdx
13,x86-64 Registers,13.6 %rdx,15,13.6 %rdx — Deep Dive
13,x86-64 Registers,13.7 %rsi,16,13.7 %rsi
13,x86-64 Registers,13.7 %rsi,17,13.7 %rsi — Deep Dive
13,x86-64 Registers,13.8 %rdi,18,13.8 %rdi
13,x86-64 Registers,13.8 %rdi,19,13.8 %rdi — Deep Dive
13,x86-64 Registers,13.9 %rsp,20,13.9 %rsp
13,x86-64 Registers,13.9 %rsp,21,13.9 %rsp — Deep Dive
13,x86-64 Registers,13.10 %rbp,22,13.10 %rbp
13,x86-64 Registers,13.10 %rbp,23,13.10 %rbp — Deep Dive
13,x86-64 Registers,13.11 %r8–%r15,24,13.11 %r8–%r15
13,x86-64 Registers,13.11 %r8–%r15,25,13.11 %r8–%r15 — Deep Dive
13,x86-64 Registers,13.12 Instruction pointer,26,13.12 Instruction pointer
13,x86-64 Registers,13.12 Instruction pointer,27,13.12 Instruction pointer — Deep Dive
13,x86-64 Registers,13.13 Condition flags,28,13.13 Condition flags
13,x86-64 Registers,13.13 Condition flags,29,13.13 Condition flags — Deep Dive
13,x86-64 Registers,Worked example — Watching partial-register writes,30,Worked example — Watching partial-register writes
13,x86-64 Registers,Worked example — Watching partial-register writes,31,Worked example — Watching partial-register writes — Deep Dive
13,x86-64 Registers,Worked example — Subregister write behavior,32,Worked example — Subregister write behavior
13,x86-64 Registers,Worked example — Subregister write behavior,33,Worked example — Subregister write behavior — Deep Dive
13,x86-64 Registers,Worked example — Following argument registers,34,Worked example — Following argument registers
13,x86-64 Registers,Worked example — Following argument registers,35,Worked example — Following argument registers — Deep Dive
13,x86-64 Registers,Guided lab and review,36,Guided lab and review
13,x86-64 Registers,Guided lab and review,37,Guided lab and review — Deep Dive
13,x86-64 Registers,Chapter synthesis,38,Chapter Synthesis
13,x86-64 Registers,Review and transition,39,Review and Transition
14,Assembly Data Movement,Chapter opening,1,Chapter 14 — Assembly Data Movement
14,Assembly Data Movement,Learning objectives,2,What This Chapter Builds
14,Assembly Data Movement,Roadmap,3,Chapter Roadmap
14,Assembly Data Movement,14.1 Immediate operands,4,14.1 Immediate operands
14,Assembly Data Movement,14.1 Immediate operands,5,14.1 Immediate operands — Deep Dive
14,Assembly Data Movement,14.2 Register operands,6,14.2 Register operands
14,Assembly Data Movement,14.2 Register operands,7,14.2 Register operands — Deep Dive
14,Assembly Data Movement,14.3 Memory operands,8,14.3 Memory operands
14,Assembly Data Movement,14.3 Memory operands,9,14.3 Memory operands — Deep Dive
14,Assembly Data Movement,14.4 mov,10,14.4 mov
14,Assembly Data Movement,14.4 mov,11,14.4 mov — Deep Dive
14,Assembly Data Movement,14.5 Addressing modes,12,14.5 Addressing modes
14,Assembly Data Movement,14.5 Addressing modes,13,14.5 Addressing modes — Deep Dive
14,Assembly Data Movement,14.6 Displacement,14,14.6 Displacement
14,Assembly Data Movement,14.6 Displacement,15,14.6 Displacement — Deep Dive
14,Assembly Data Movement,14.7 Base/index addressing,16,14.7 Base/index addressing
14,Assembly Data Movement,14.7 Base/index addressing,17,14.7 Base/index addressing — Deep Dive
14,Assembly Data Movement,14.8 Scaled indexing,18,14.8 Scaled indexing
14,Assembly Data Movement,14.8 Scaled indexing,19,14.8 Scaled indexing — Deep Dive
14,Assembly Data Movement,14.9 RIP-relative addressing,20,14.9 RIP-relative addressing
14,Assembly Data Movement,14.9 RIP-relative addressing,21,14.9 RIP-relative addressing — Deep Dive
14,Assembly Data Movement,14.10 lea,22,14.10 lea
14,Assembly Data Movement,14.10 lea,23,14.10 lea — Deep Dive
14,Assembly Data Movement,Worked example — Translating an indexed load,24,Worked example — Translating an indexed load
14,Assembly Data Movement,Worked example — Translating an indexed load,25,Worked example — Translating an indexed load — Deep Dive
14,Assembly Data Movement,Worked example — Decoding scaled-index addressing,26,Worked example — Decoding scaled-index addressing
14,Assembly Data Movement,Worked example — Decoding scaled-index addressing,27,Worked example — Decoding scaled-index addressing — Deep Dive
14,Assembly Data Movement,Worked example — Using lea for arithmetic,28,Worked example — Using lea for arithmetic
14,Assembly Data Movement,Worked example — Using lea for arithmetic,29,Worked example — Using lea for arithmetic — Deep Dive
14,Assembly Data Movement,Guided lab and review,30,Guided lab and review
14,Assembly Data Movement,Guided lab and review,31,Guided lab and review — Deep Dive
14,Assembly Data Movement,Chapter synthesis,32,Chapter Synthesis
14,Assembly Data Movement,Review and transition,33,Review and Transition
15,Assembly Arithmetic,Chapter opening,1,Chapter 15 — Assembly Arithmetic
15,Assembly Arithmetic,Learning objectives,2,What This Chapter Builds
15,Assembly Arithmetic,Roadmap,3,Chapter Roadmap
15,Assembly Arithmetic,15.1 Addition,4,15.1 Addition
15,Assembly Arithmetic,15.1 Addition,5,15.1 Addition — Deep Dive
15,Assembly Arithmetic,15.2 Subtraction,6,15.2 Subtraction
15,Assembly Arithmetic,15.2 Subtraction,7,15.2 Subtraction — Deep Dive
15,Assembly Arithmetic,15.3 Multiplication,8,15.3 Multiplication
15,Assembly Arithmetic,15.3 Multiplication,9,15.3 Multiplication — Deep Dive
15,Assembly Arithmetic,15.4 Division,10,15.4 Division
15,Assembly Arithmetic,15.4 Division,11,15.4 Division — Deep Dive
15,Assembly Arithmetic,15.5 Increment/decrement,12,15.5 Increment/decrement
15,Assembly Arithmetic,15.5 Increment/decrement,13,15.5 Increment/decrement — Deep Dive
15,Assembly Arithmetic,15.6 AND,14,15.6 AND
15,Assembly Arithmetic,15.6 AND,15,15.6 AND — Deep Dive
15,Assembly Arithmetic,15.7 OR,16,15.7 OR
15,Assembly Arithmetic,15.7 OR,17,15.7 OR — Deep Dive
15,Assembly Arithmetic,15.8 XOR,18,15.8 XOR
15,Assembly Arithmetic,15.8 XOR,19,15.8 XOR — Deep Dive
15,Assembly Arithmetic,15.9 Shifts,20,15.9 Shifts
15,Assembly Arithmetic,15.9 Shifts,21,15.9 Shifts — Deep Dive
15,Assembly Arithmetic,Worked example — Signed division with explicit preparation,22,Worked example — Signed division with explicit preparation
15,Assembly Arithmetic,Worked example — Signed division with explicit preparation,23,Worked example — Signed division with explicit preparation — Deep Dive
15,Assembly Arithmetic,Worked example — Shifting to multiply,24,Worked example — Shifting to multiply
15,Assembly Arithmetic,Worked example — Shifting to multiply,25,Worked example — Shifting to multiply — Deep Dive
15,Assembly Arithmetic,Worked example — Signed division setup,26,Worked example — Signed division setup
15,Assembly Arithmetic,Worked example — Signed division setup,27,Worked example — Signed division setup — Deep Dive
15,Assembly Arithmetic,Guided lab and review,28,Guided lab and review
15,Assembly Arithmetic,Guided lab and review,29,Guided lab and review — Deep Dive
15,Assembly Arithmetic,Chapter synthesis,30,Chapter Synthesis
15,Assembly Arithmetic,Review and transition,31,Review and Transition
16,Machine Control Flow,Chapter opening,1,Chapter 16 — Machine Control Flow
16,Machine Control Flow,Learning objectives,2,What This Chapter Builds
16,Machine Control Flow,Roadmap,3,Chapter Roadmap
16,Machine Control Flow,16.1 cmp,4,16.1 cmp
16,Machine Control Flow,16.1 cmp,5,16.1 cmp — Deep Dive
16,Machine Control Flow,16.2 test,6,16.2 test
16,Machine Control Flow,16.2 test,7,16.2 test — Deep Dive
16,Machine Control Flow,16.3 Condition flags,8,16.3 Condition flags
16,Machine Control Flow,16.3 Condition flags,9,16.3 Condition flags — Deep Dive
16,Machine Control Flow,16.4 Conditional branches,10,16.4 Conditional branches
16,Machine Control Flow,16.4 Conditional branches,11,16.4 Conditional branches — Deep Dive
16,Machine Control Flow,16.5 Unconditional branches,12,16.5 Unconditional branches
16,Machine Control Flow,16.5 Unconditional branches,13,16.5 Unconditional branches — Deep Dive
16,Machine Control Flow,16.6 Loops,14,16.6 Loops
16,Machine Control Flow,16.6 Loops,15,16.6 Loops — Deep Dive
16,Machine Control Flow,16.7 Conditional moves,16,16.7 Conditional moves
16,Machine Control Flow,16.7 Conditional moves,17,16.7 Conditional moves — Deep Dive
16,Machine Control Flow,16.8 Jump tables,18,16.8 Jump tables
16,Machine Control Flow,16.8 Jump tables,19,16.8 Jump tables — Deep Dive
16,Machine Control Flow,16.9 switch translation,20,16.9 switch translation
16,Machine Control Flow,16.9 switch translation,21,16.9 switch translation — Deep Dive
16,Machine Control Flow,Worked example — A count-controlled sum loop,22,Worked example — A count-controlled sum loop
16,Machine Control Flow,Worked example — A count-controlled sum loop,23,Worked example — A count-controlled sum loop — Deep Dive
16,Machine Control Flow,Worked example — Translating an if statement,24,Worked example — Translating an if statement
16,Machine Control Flow,Worked example — Translating an if statement,25,Worked example — Translating an if statement — Deep Dive
16,Machine Control Flow,Worked example — Indexing a jump table,26,Worked example — Indexing a jump table
16,Machine Control Flow,Worked example — Indexing a jump table,27,Worked example — Indexing a jump table — Deep Dive
16,Machine Control Flow,Guided lab and review,28,Guided lab and review
16,Machine Control Flow,Guided lab and review,29,Guided lab and review — Deep Dive
16,Machine Control Flow,Chapter synthesis,30,Chapter Synthesis
16,Machine Control Flow,Review and transition,31,Review and Transition
17,Procedures and Calling Conventions,Chapter opening,1,Chapter 17 — Procedures and Calling Conventions
17,Procedures and Calling Conventions,Learning objectives,2,What This Chapter Builds
17,Procedures and Calling Conventions,Roadmap,3,Chapter Roadmap
17,Procedures and Calling Conventions,17.1 call,4,17.1 call
17,Procedures and Calling Conventions,17.1 call,5,17.1 call — Deep Dive
17,Procedures and Calling Conventions,17.2 ret,6,17.2 ret
17,Procedures and Calling Conventions,17.2 ret,7,17.2 ret — Deep Dive
17,Procedures and Calling Conventions,17.3 Argument registers,8,17.3 Argument registers
17,Procedures and Calling Conventions,17.3 Argument registers,9,17.3 Argument registers — Deep Dive
17,Procedures and Calling Conventions,17.4 Return registers,10,17.4 Return registers
17,Procedures and Calling Conventions,17.4 Return registers,11,17.4 Return registers — Deep Dive
17,Procedures and Calling Conventions,17.5 Stack pointer,12,17.5 Stack pointer
17,Procedures and Calling Conventions,17.5 Stack pointer,13,17.5 Stack pointer — Deep Dive
17,Procedures and Calling Conventions,17.6 Stack frames,14,17.6 Stack frames
17,Procedures and Calling Conventions,17.6 Stack frames,15,17.6 Stack frames — Deep Dive
17,Procedures and Calling Conventions,17.7 Stack alignment,16,17.7 Stack alignment
17,Procedures and Calling Conventions,17.7 Stack alignment,17,17.7 Stack alignment — Deep Dive
17,Procedures and Calling Conventions,17.8 Caller-saved registers,18,17.8 Caller-saved registers
17,Procedures and Calling Conventions,17.8 Caller-saved registers,19,17.8 Caller-saved registers — Deep Dive
17,Procedures and Calling Conventions,17.9 Callee-saved registers,20,17.9 Callee-saved registers
17,Procedures and Calling Conventions,17.9 Callee-saved registers,21,17.9 Callee-saved registers — Deep Dive
17,Procedures and Calling Conventions,17.10 Local variables,22,17.10 Local variables
17,Procedures and Calling Conventions,17.10 Local variables,23,17.10 Local variables — Deep Dive
17,Procedures and Calling Conventions,17.11 Recursive calls,24,17.11 Recursive calls
17,Procedures and Calling Conventions,17.11 Recursive calls,25,17.11 Recursive calls — Deep Dive
17,Procedures and Calling Conventions,17.12 Function prologue,26,17.12 Function prologue
17,Procedures and Calling Conventions,17.12 Function prologue,27,17.12 Function prologue — Deep Dive
17,Procedures and Calling Conventions,17.13 Function epilogue,28,17.13 Function epilogue
17,Procedures and Calling Conventions,17.13 Function epilogue,29,17.13 Function epilogue — Deep Dive
17,Procedures and Calling Conventions,Worked example — Preserving a value across a nested call,30,Worked example — Preserving a value across a nested call
17,Procedures and Calling Conventions,Worked example — Preserving a value across a nested call,31,Worked example — Preserving a value across a nested call — Deep Dive
17,Procedures and Calling Conventions,Worked example — Tracking a call frame,32,Worked example — Tracking a call frame
17,Procedures and Calling Conventions,Worked example — Tracking a call frame,33,Worked example — Tracking a call frame — Deep Dive
17,Procedures and Calling Conventions,Worked example — Caller-saved versus callee-saved,34,Worked example — Caller-saved versus callee-saved
17,Procedures and Calling Conventions,Worked example — Caller-saved versus callee-saved,35,Worked example — Caller-saved versus callee-saved — Deep Dive
17,Procedures and Calling Conventions,Guided lab and review,36,Guided lab and review
17,Procedures and Calling Conventions,Guided lab and review,37,Guided lab and review — Deep Dive
17,Procedures and Calling Conventions,Chapter synthesis,38,Chapter Synthesis
17,Procedures and Calling Conventions,Review and transition,39,Review and Transition
18,Compiler Optimizations,Chapter opening,1,Chapter 18 — Compiler Optimizations
18,Compiler Optimizations,Learning objectives,2,What This Chapter Builds
18,Compiler Optimizations,Roadmap,3,Chapter Roadmap
18,Compiler Optimizations,18.1 Inlining,4,18.1 Inlining
18,Compiler Optimizations,18.1 Inlining,5,18.1 Inlining — Deep Dive
18,Compiler Optimizations,18.2 Constant folding,6,18.2 Constant folding
18,Compiler Optimizations,18.2 Constant folding,7,18.2 Constant folding — Deep Dive
18,Compiler Optimizations,18.3 Dead-code elimination,8,18.3 Dead-code elimination
18,Compiler Optimizations,18.3 Dead-code elimination,9,18.3 Dead-code elimination — Deep Dive
18,Compiler Optimizations,18.4 Common-subexpression elimination,10,18.4 Common-subexpression elimination
18,Compiler Optimizations,18.4 Common-subexpression elimination,11,18.4 Common-subexpression elimination — Deep Dive
18,Compiler Optimizations,18.5 Loop unrolling,12,18.5 Loop unrolling
18,Compiler Optimizations,18.5 Loop unrolling,13,18.5 Loop unrolling — Deep Dive
18,Compiler Optimizations,18.6 Tail-call optimization,14,18.6 Tail-call optimization
18,Compiler Optimizations,18.6 Tail-call optimization,15,18.6 Tail-call optimization — Deep Dive
18,Compiler Optimizations,18.7 Strength reduction,16,18.7 Strength reduction
18,Compiler Optimizations,18.7 Strength reduction,17,18.7 Strength reduction — Deep Dive
18,Compiler Optimizations,18.8 Arithmetic transformations,18,18.8 Arithmetic transformations
18,Compiler Optimizations,18.8 Arithmetic transformations,19,18.8 Arithmetic transformations — Deep Dive
18,Compiler Optimizations,18.9 Aliasing restrictions,20,18.9 Aliasing restrictions
18,Compiler Optimizations,18.9 Aliasing restrictions,21,18.9 Aliasing restrictions — Deep Dive
18,Compiler Optimizations,18.10 Optimization barriers,22,18.10 Optimization barriers
18,Compiler Optimizations,18.10 Optimization barriers,23,18.10 Optimization barriers — Deep Dive
18,Compiler Optimizations,18.11 The as-if rule,24,18.11 The as-if rule
18,Compiler Optimizations,18.11 The as-if rule,25,18.11 The as-if rule — Deep Dive
18,Compiler Optimizations,Worked example — Optimizing a known-length calculation,26,Worked example — Optimizing a known-length calculation
18,Compiler Optimizations,Worked example — Optimizing a known-length calculation,27,Worked example — Optimizing a known-length calculation — Deep Dive
18,Compiler Optimizations,Worked example — Constant folding and dead code,28,Worked example — Constant folding and dead code
18,Compiler Optimizations,Worked example — Constant folding and dead code,29,Worked example — Constant folding and dead code — Deep Dive
18,Compiler Optimizations,Worked example — Aliasing blocks a load elimination,30,Worked example — Aliasing blocks a load elimination
18,Compiler Optimizations,Worked example — Aliasing blocks a load elimination,31,Worked example — Aliasing blocks a load elimination — Deep Dive
18,Compiler Optimizations,Guided lab and review,32,Guided lab and review
18,Compiler Optimizations,Guided lab and review,33,Guided lab and review — Deep Dive
18,Compiler Optimizations,Chapter synthesis,34,Chapter Synthesis
18,Compiler Optimizations,Review and transition,35,Review and Transition
19,Kernel Fundamentals,Chapter opening,1,Chapter 19 — Kernel Fundamentals
19,Kernel Fundamentals,Learning objectives,2,What This Chapter Builds
19,Kernel Fundamentals,Roadmap,3,Chapter Roadmap
19,Kernel Fundamentals,19.1 Kernel,4,19.1 Kernel
19,Kernel Fundamentals,19.1 Kernel,5,19.1 Kernel — Deep Dive
19,Kernel Fundamentals,19.2 User mode,6,19.2 User mode
19,Kernel Fundamentals,19.2 User mode,7,19.2 User mode — Deep Dive
19,Kernel Fundamentals,19.3 Kernel mode,8,19.3 Kernel mode
19,Kernel Fundamentals,19.3 Kernel mode,9,19.3 Kernel mode — Deep Dive
19,Kernel Fundamentals,19.4 Privilege levels,10,19.4 Privilege levels
19,Kernel Fundamentals,19.4 Privilege levels,11,19.4 Privilege levels — Deep Dive
19,Kernel Fundamentals,19.5 Protected resources,12,19.5 Protected resources
19,Kernel Fundamentals,19.5 Protected resources,13,19.5 Protected resources — Deep Dive
19,Kernel Fundamentals,19.6 Dangerous instructions,14,19.6 Dangerous instructions
19,Kernel Fundamentals,19.6 Dangerous instructions,15,19.6 Dangerous instructions — Deep Dive
19,Kernel Fundamentals,19.7 Hardware protection,16,19.7 Hardware protection
19,Kernel Fundamentals,19.7 Hardware protection,17,19.7 Hardware protection — Deep Dive
19,Kernel Fundamentals,Worked example — Following a protected request,18,Worked example — Following a protected request
19,Kernel Fundamentals,Worked example — Following a protected request,19,Worked example — Following a protected request — Deep Dive
19,Kernel Fundamentals,Worked example — Why user code cannot program a device directly,20,Worked example — Why user code cannot program a device directly
19,Kernel Fundamentals,Worked example — Why user code cannot program a device directly,21,Worked example — Why user code cannot program a device directly — Deep Dive
19,Kernel Fundamentals,Worked example — Protecting kernel memory,22,Worked example — Protecting kernel memory
19,Kernel Fundamentals,Worked example — Protecting kernel memory,23,Worked example — Protecting kernel memory — Deep Dive
19,Kernel Fundamentals,Guided lab and review,24,Guided lab and review
19,Kernel Fundamentals,Guided lab and review,25,Guided lab and review — Deep Dive
19,Kernel Fundamentals,Chapter synthesis,26,Chapter Synthesis
19,Kernel Fundamentals,Review and transition,27,Review and Transition
20,Protected Control Transfer,Chapter opening,1,Chapter 20 — Protected Control Transfer
20,Protected Control Transfer,Learning objectives,2,What This Chapter Builds
20,Protected Control Transfer,Roadmap,3,Chapter Roadmap
20,Protected Control Transfer,20.1 Exceptions,4,20.1 Exceptions
20,Protected Control Transfer,20.1 Exceptions,5,20.1 Exceptions — Deep Dive
20,Protected Control Transfer,20.2 Interrupts,6,20.2 Interrupts
20,Protected Control Transfer,20.2 Interrupts,7,20.2 Interrupts — Deep Dive
20,Protected Control Transfer,20.3 Traps,8,20.3 Traps
20,Protected Control Transfer,20.3 Traps,9,20.3 Traps — Deep Dive
20,Protected Control Transfer,20.4 Faults,10,20.4 Faults
20,Protected Control Transfer,20.4 Faults,11,20.4 Faults — Deep Dive
20,Protected Control Transfer,20.5 System calls,12,20.5 System calls
20,Protected Control Transfer,20.5 System calls,13,20.5 System calls — Deep Dive
20,Protected Control Transfer,20.6 User-to-kernel transition,14,20.6 User-to-kernel transition
20,Protected Control Transfer,20.6 User-to-kernel transition,15,20.6 User-to-kernel transition — Deep Dive
20,Protected Control Transfer,20.7 Kernel-to-user return,16,20.7 Kernel-to-user return
20,Protected Control Transfer,20.7 Kernel-to-user return,17,20.7 Kernel-to-user return — Deep Dive
20,Protected Control Transfer,20.8 Timer interrupts,18,20.8 Timer interrupts
20,Protected Control Transfer,20.8 Timer interrupts,19,20.8 Timer interrupts — Deep Dive
20,Protected Control Transfer,Worked example — A recoverable load,20,Worked example — A recoverable load
20,Protected Control Transfer,Worked example — A recoverable load,21,Worked example — A recoverable load — Deep Dive
20,Protected Control Transfer,Worked example — System-call round trip,22,Worked example — System-call round trip
20,Protected Control Transfer,Worked example — System-call round trip,23,Worked example — System-call round trip — Deep Dive
20,Protected Control Transfer,Worked example — Fault versus interrupt,24,Worked example — Fault versus interrupt
20,Protected Control Transfer,Worked example — Fault versus interrupt,25,Worked example — Fault versus interrupt — Deep Dive
20,Protected Control Transfer,Guided lab and review,26,Guided lab and review
20,Protected Control Transfer,Guided lab and review,27,Guided lab and review — Deep Dive
20,Protected Control Transfer,Chapter synthesis,28,Chapter Synthesis
20,Protected Control Transfer,Review and transition,29,Review and Transition
21,Processes,Chapter opening,1,Chapter 21 — Processes
21,Processes,Learning objectives,2,What This Chapter Builds
21,Processes,Roadmap,3,Chapter Roadmap
21,Processes,21.1 Process abstraction,4,21.1 Process abstraction
21,Processes,21.1 Process abstraction,5,21.1 Process abstraction — Deep Dive
21,Processes,21.2 Process state,6,21.2 Process state
21,Processes,21.2 Process state,7,21.2 Process state — Deep Dive
21,Processes,21.3 CPU context,8,21.3 CPU context
21,Processes,21.3 CPU context,9,21.3 CPU context — Deep Dive
21,Processes,21.4 Address space,10,21.4 Address space
21,Processes,21.4 Address space,11,21.4 Address space — Deep Dive
21,Processes,21.5 Process isolation,12,21.5 Process isolation
21,Processes,21.5 Process isolation,13,21.5 Process isolation — Deep Dive
21,Processes,21.6 Context switching,14,21.6 Context switching
21,Processes,21.6 Context switching,15,21.6 Context switching — Deep Dive
21,Processes,21.7 Scheduling,16,21.7 Scheduling
21,Processes,21.7 Scheduling,17,21.7 Scheduling — Deep Dive
21,Processes,Worked example — A scheduling model with waiting,18,Worked example — A scheduling model with waiting
21,Processes,Worked example — A scheduling model with waiting,19,Worked example — A scheduling model with waiting — Deep Dive
21,Processes,Worked example — Context-switch contents,20,Worked example — Context-switch contents
21,Processes,Worked example — Context-switch contents,21,Worked example — Context-switch contents — Deep Dive
21,Processes,Worked example — Scheduling a CPU-bound and I/O-bound process,22,Worked example — Scheduling a CPU-bound and I/O-bound process
21,Processes,Worked example — Scheduling a CPU-bound and I/O-bound process,23,Worked example — Scheduling a CPU-bound and I/O-bound process — Deep Dive
21,Processes,Guided lab and review,24,Guided lab and review
21,Processes,Guided lab and review,25,Guided lab and review — Deep Dive
21,Processes,Chapter synthesis,26,Chapter Synthesis
21,Processes,Review and transition,27,Review and Transition
22,Virtual Address Spaces,Chapter opening,1,Chapter 22 — Virtual Address Spaces
22,Virtual Address Spaces,Learning objectives,2,What This Chapter Builds
22,Virtual Address Spaces,Roadmap,3,Chapter Roadmap
22,Virtual Address Spaces,22.1 Virtual addresses,4,22.1 Virtual addresses
22,Virtual Address Spaces,22.1 Virtual addresses,5,22.1 Virtual addresses — Deep Dive
22,Virtual Address Spaces,22.2 Physical addresses,6,22.2 Physical addresses
22,Virtual Address Spaces,22.2 Physical addresses,7,22.2 Physical addresses — Deep Dive
22,Virtual Address Spaces,22.3 Address translation,8,22.3 Address translation
22,Virtual Address Spaces,22.3 Address translation,9,22.3 Address translation — Deep Dive
22,Virtual Address Spaces,22.4 Memory isolation,10,22.4 Memory isolation
22,Virtual Address Spaces,22.4 Memory isolation,11,22.4 Memory isolation — Deep Dive
22,Virtual Address Spaces,22.5 Shared memory,12,22.5 Shared memory
22,Virtual Address Spaces,22.5 Shared memory,13,22.5 Shared memory — Deep Dive
22,Virtual Address Spaces,"Worked example — Equal numbers, different storage",14,"Worked example — Equal numbers, different storage"
22,Virtual Address Spaces,"Worked example — Equal numbers, different storage",15,"Worked example — Equal numbers, different storage — Deep Dive"
22,Virtual Address Spaces,"Worked example — Same virtual address, different memory",16,"Worked example — Same virtual address, different memory"
22,Virtual Address Spaces,"Worked example — Same virtual address, different memory",17,"Worked example — Same virtual address, different memory — Deep Dive"
22,Virtual Address Spaces,Worked example — Intentional shared mapping,18,Worked example — Intentional shared mapping
22,Virtual Address Spaces,Worked example — Intentional shared mapping,19,Worked example — Intentional shared mapping — Deep Dive
22,Virtual Address Spaces,Guided lab and review,20,Guided lab and review
22,Virtual Address Spaces,Guided lab and review,21,Guided lab and review — Deep Dive
22,Virtual Address Spaces,Chapter synthesis,22,Chapter Synthesis
22,Virtual Address Spaces,Review and transition,23,Review and Transition
23,Paging,Chapter opening,1,Chapter 23 — Paging
23,Paging,Learning objectives,2,What This Chapter Builds
23,Paging,Roadmap,3,Chapter Roadmap
23,Paging,23.1 Pages,4,23.1 Pages
23,Paging,23.1 Pages,5,23.1 Pages — Deep Dive
23,Paging,23.2 Frames,6,23.2 Frames
23,Paging,23.2 Frames,7,23.2 Frames — Deep Dive
23,Paging,23.3 Page size,8,23.3 Page size
23,Paging,23.3 Page size,9,23.3 Page size — Deep Dive
23,Paging,23.4 Page offset,10,23.4 Page offset
23,Paging,23.4 Page offset,11,23.4 Page offset — Deep Dive
23,Paging,23.5 Virtual page number,12,23.5 Virtual page number
23,Paging,23.5 Virtual page number,13,23.5 Virtual page number — Deep Dive
23,Paging,23.6 Physical page number,14,23.6 Physical page number
23,Paging,23.6 Physical page number,15,23.6 Physical page number — Deep Dive
23,Paging,Worked example — A checked translation model,16,Worked example — A checked translation model
23,Paging,Worked example — A checked translation model,17,Worked example — A checked translation model — Deep Dive
23,Paging,Worked example — Splitting a virtual address,18,Worked example — Splitting a virtual address
23,Paging,Worked example — Splitting a virtual address,19,Worked example — Splitting a virtual address — Deep Dive
23,Paging,Worked example — Counting pages,20,Worked example — Counting pages
23,Paging,Worked example — Counting pages,21,Worked example — Counting pages — Deep Dive
23,Paging,Guided lab and review,22,Guided lab and review
23,Paging,Guided lab and review,23,Guided lab and review — Deep Dive
23,Paging,Chapter synthesis,24,Chapter Synthesis
23,Paging,Review and transition,25,Review and Transition
24,Page Tables,Chapter opening,1,Chapter 24 — Page Tables
24,Page Tables,Learning objectives,2,What This Chapter Builds
24,Page Tables,Roadmap,3,Chapter Roadmap
24,Page Tables,24.1 Page-table entries,4,24.1 Page-table entries
24,Page Tables,24.1 Page-table entries,5,24.1 Page-table entries — Deep Dive
24,Page Tables,24.2 Present bit,6,24.2 Present bit
24,Page Tables,24.2 Present bit,7,24.2 Present bit — Deep Dive
24,Page Tables,24.3 Writable bit,8,24.3 Writable bit
24,Page Tables,24.3 Writable bit,9,24.3 Writable bit — Deep Dive
24,Page Tables,24.4 User-accessible bit,10,24.4 User-accessible bit
24,Page Tables,24.4 User-accessible bit,11,24.4 User-accessible bit — Deep Dive
24,Page Tables,24.5 Multilevel page tables,12,24.5 Multilevel page tables
24,Page Tables,24.5 Multilevel page tables,13,24.5 Multilevel page tables — Deep Dive
24,Page Tables,24.6 Page-table walks,14,24.6 Page-table walks
24,Page Tables,24.6 Page-table walks,15,24.6 Page-table walks — Deep Dive
24,Page Tables,24.7 Memory protection,16,24.7 Memory protection
24,Page Tables,24.7 Memory protection,17,24.7 Memory protection — Deep Dive
24,Page Tables,Worked example — A two-level address decomposition,18,Worked example — A two-level address decomposition
24,Page Tables,Worked example — A two-level address decomposition,19,Worked example — A two-level address decomposition — Deep Dive
24,Page Tables,Worked example — Walking a two-level table,20,Worked example — Walking a two-level table
24,Page Tables,Worked example — Walking a two-level table,21,Worked example — Walking a two-level table — Deep Dive
24,Page Tables,Worked example — Permission check on a write,22,Worked example — Permission check on a write
24,Page Tables,Worked example — Permission check on a write,23,Worked example — Permission check on a write — Deep Dive
24,Page Tables,Guided lab and review,24,Guided lab and review
24,Page Tables,Guided lab and review,25,Guided lab and review — Deep Dive
24,Page Tables,Chapter synthesis,26,Chapter Synthesis
24,Page Tables,Review and transition,27,Review and Transition
25,Translation Hardware,Chapter opening,1,Chapter 25 — Translation Hardware
25,Translation Hardware,Learning objectives,2,What This Chapter Builds
25,Translation Hardware,Roadmap,3,Chapter Roadmap
25,Translation Hardware,25.1 MMU,4,25.1 MMU
25,Translation Hardware,25.1 MMU,5,25.1 MMU — Deep Dive
25,Translation Hardware,25.2 TLB,6,25.2 TLB
25,Translation Hardware,25.2 TLB,7,25.2 TLB — Deep Dive
25,Translation Hardware,25.3 TLB hits,8,25.3 TLB hits
25,Translation Hardware,25.3 TLB hits,9,25.3 TLB hits — Deep Dive
25,Translation Hardware,25.4 TLB misses,10,25.4 TLB misses
25,Translation Hardware,25.4 TLB misses,11,25.4 TLB misses — Deep Dive
25,Translation Hardware,25.5 Translation caching,12,25.5 Translation caching
25,Translation Hardware,25.5 Translation caching,13,25.5 Translation caching — Deep Dive
25,Translation Hardware,Worked example — Translation and data are separate events,14,Worked example — Translation and data are separate events
25,Translation Hardware,Worked example — Translation and data are separate events,15,Worked example — Translation and data are separate events — Deep Dive
25,Translation Hardware,Worked example — TLB speedup intuition,16,Worked example — TLB speedup intuition
25,Translation Hardware,Worked example — TLB speedup intuition,17,Worked example — TLB speedup intuition — Deep Dive
25,Translation Hardware,Worked example — Handling a TLB miss,18,Worked example — Handling a TLB miss
25,Translation Hardware,Worked example — Handling a TLB miss,19,Worked example — Handling a TLB miss — Deep Dive
25,Translation Hardware,Guided lab and review,20,Guided lab and review
25,Translation Hardware,Guided lab and review,21,Guided lab and review — Deep Dive
25,Translation Hardware,Chapter synthesis,22,Chapter Synthesis
25,Translation Hardware,Review and transition,23,Review and Transition
26,Page Faults,Chapter opening,1,Chapter 26 — Page Faults
26,Page Faults,Learning objectives,2,What This Chapter Builds
26,Page Faults,Roadmap,3,Chapter Roadmap
26,Page Faults,26.1 Missing pages,4,26.1 Missing pages
26,Page Faults,26.1 Missing pages,5,26.1 Missing pages — Deep Dive
26,Page Faults,26.2 Protection faults,6,26.2 Protection faults
26,Page Faults,26.2 Protection faults,7,26.2 Protection faults — Deep Dive
26,Page Faults,26.3 Demand paging,8,26.3 Demand paging
26,Page Faults,26.3 Demand paging,9,26.3 Demand paging — Deep Dive
26,Page Faults,26.4 Fault handling,10,26.4 Fault handling
26,Page Faults,26.4 Fault handling,11,26.4 Fault handling — Deep Dive
26,Page Faults,26.5 Copy-on-write,12,26.5 Copy-on-write
26,Page Faults,26.5 Copy-on-write,13,26.5 Copy-on-write — Deep Dive
26,Page Faults,Worked example — A model of private modification,14,Worked example — A model of private modification
26,Page Faults,Worked example — A model of private modification,15,Worked example — A model of private modification — Deep Dive
26,Page Faults,Worked example — Demand-zero allocation,16,Worked example — Demand-zero allocation
26,Page Faults,Worked example — Demand-zero allocation,17,Worked example — Demand-zero allocation — Deep Dive
26,Page Faults,Worked example — Copy-on-write after fork,18,Worked example — Copy-on-write after fork
26,Page Faults,Worked example — Copy-on-write after fork,19,Worked example — Copy-on-write after fork — Deep Dive
26,Page Faults,Guided lab and review,20,Guided lab and review
26,Page Faults,Guided lab and review,21,Guided lab and review — Deep Dive
26,Page Faults,Chapter synthesis,22,Chapter Synthesis
26,Page Faults,Review and transition,23,Review and Transition
27,Memory Hierarchy,Chapter opening,1,Chapter 27 — Memory Hierarchy
27,Memory Hierarchy,Learning objectives,2,What This Chapter Builds
27,Memory Hierarchy,Roadmap,3,Chapter Roadmap
27,Memory Hierarchy,27.1 Registers,4,27.1 Registers
27,Memory Hierarchy,27.1 Registers,5,27.1 Registers — Deep Dive
27,Memory Hierarchy,27.2 L1 cache,6,27.2 L1 cache
27,Memory Hierarchy,27.2 L1 cache,7,27.2 L1 cache — Deep Dive
27,Memory Hierarchy,27.3 L2 cache,8,27.3 L2 cache
27,Memory Hierarchy,27.3 L2 cache,9,27.3 L2 cache — Deep Dive
27,Memory Hierarchy,27.4 L3 cache,10,27.4 L3 cache
27,Memory Hierarchy,27.4 L3 cache,11,27.4 L3 cache — Deep Dive
27,Memory Hierarchy,27.5 DRAM,12,27.5 DRAM
27,Memory Hierarchy,27.5 DRAM,13,27.5 DRAM — Deep Dive
27,Memory Hierarchy,27.6 SSD,14,27.6 SSD
27,Memory Hierarchy,27.6 SSD,15,27.6 SSD — Deep Dive
27,Memory Hierarchy,27.7 Persistent storage,16,27.7 Persistent storage
27,Memory Hierarchy,27.7 Persistent storage,17,27.7 Persistent storage — Deep Dive
27,Memory Hierarchy,27.8 Latency,18,27.8 Latency
27,Memory Hierarchy,27.8 Latency,19,27.8 Latency — Deep Dive
27,Memory Hierarchy,27.9 Throughput,20,27.9 Throughput
27,Memory Hierarchy,27.9 Throughput,21,27.9 Throughput — Deep Dive
27,Memory Hierarchy,27.10 Capacity,22,27.10 Capacity
27,Memory Hierarchy,27.10 Capacity,23,27.10 Capacity — Deep Dive
27,Memory Hierarchy,27.11 Cost,24,27.11 Cost
27,Memory Hierarchy,27.11 Cost,25,27.11 Cost — Deep Dive
27,Memory Hierarchy,Worked example — Latency versus bandwidth,26,Worked example — Latency versus bandwidth
27,Memory Hierarchy,Worked example — Latency versus bandwidth,27,Worked example — Latency versus bandwidth — Deep Dive
27,Memory Hierarchy,Worked example — Comparing access times,28,Worked example — Comparing access times
27,Memory Hierarchy,Worked example — Comparing access times,29,Worked example — Comparing access times — Deep Dive
27,Memory Hierarchy,Worked example — Why capacity increases down the hierarchy,30,Worked example — Why capacity increases down the hierarchy
27,Memory Hierarchy,Worked example — Why capacity increases down the hierarchy,31,Worked example — Why capacity increases down the hierarchy — Deep Dive
27,Memory Hierarchy,Guided lab and review,32,Guided lab and review
27,Memory Hierarchy,Guided lab and review,33,Guided lab and review — Deep Dive
27,Memory Hierarchy,Chapter synthesis,34,Chapter Synthesis
27,Memory Hierarchy,Review and transition,35,Review and Transition
28,Locality,Chapter opening,1,Chapter 28 — Locality
28,Locality,Learning objectives,2,What This Chapter Builds
28,Locality,Roadmap,3,Chapter Roadmap
28,Locality,28.1 Temporal locality,4,28.1 Temporal locality
28,Locality,28.1 Temporal locality,5,28.1 Temporal locality — Deep Dive
28,Locality,28.2 Spatial locality,6,28.2 Spatial locality
28,Locality,28.2 Spatial locality,7,28.2 Spatial locality — Deep Dive
28,Locality,28.3 Working sets,8,28.3 Working sets
28,Locality,28.3 Working sets,9,28.3 Working sets — Deep Dive
28,Locality,28.4 Sequential access,10,28.4 Sequential access
28,Locality,28.4 Sequential access,11,28.4 Sequential access — Deep Dive
28,Locality,28.5 Strided access,12,28.5 Strided access
28,Locality,28.5 Strided access,13,28.5 Strided access — Deep Dive
28,Locality,28.6 Random access,14,28.6 Random access
28,Locality,28.6 Random access,15,28.6 Random access — Deep Dive
28,Locality,Worked example — Row-major versus column-major traversal,16,Worked example — Row-major versus column-major traversal
28,Locality,Worked example — Row-major versus column-major traversal,17,Worked example — Row-major versus column-major traversal — Deep Dive
28,Locality,Worked example — Temporal locality in a counter,18,Worked example — Temporal locality in a counter
28,Locality,Worked example — Temporal locality in a counter,19,Worked example — Temporal locality in a counter — Deep Dive
28,Locality,Worked example — Stride and cache lines,20,Worked example — Stride and cache lines
28,Locality,Worked example — Stride and cache lines,21,Worked example — Stride and cache lines — Deep Dive
28,Locality,Guided lab and review,22,Guided lab and review
28,Locality,Guided lab and review,23,Guided lab and review — Deep Dive
28,Locality,Chapter synthesis,24,Chapter Synthesis
28,Locality,Review and transition,25,Review and Transition
29,Cache Organization,Chapter opening,1,Chapter 29 — Cache Organization
29,Cache Organization,Learning objectives,2,What This Chapter Builds
29,Cache Organization,Roadmap,3,Chapter Roadmap
29,Cache Organization,29.1 Cache blocks,4,29.1 Cache blocks
29,Cache Organization,29.1 Cache blocks,5,29.1 Cache blocks — Deep Dive
29,Cache Organization,29.2 Cache lines,6,29.2 Cache lines
29,Cache Organization,29.2 Cache lines,7,29.2 Cache lines — Deep Dive
29,Cache Organization,29.3 Cache slots,8,29.3 Cache slots
29,Cache Organization,29.3 Cache slots,9,29.3 Cache slots — Deep Dive
29,Cache Organization,29.4 Cache sets,10,29.4 Cache sets
29,Cache Organization,29.4 Cache sets,11,29.4 Cache sets — Deep Dive
29,Cache Organization,29.5 Tags,12,29.5 Tags
29,Cache Organization,29.5 Tags,13,29.5 Tags — Deep Dive
29,Cache Organization,29.6 Cache indexing,14,29.6 Cache indexing
29,Cache Organization,29.6 Cache indexing,15,29.6 Cache indexing — Deep Dive
29,Cache Organization,29.7 Direct-mapped caches,16,29.7 Direct-mapped caches
29,Cache Organization,29.7 Direct-mapped caches,17,29.7 Direct-mapped caches — Deep Dive
29,Cache Organization,29.8 Set-associative caches,18,29.8 Set-associative caches
29,Cache Organization,29.8 Set-associative caches,19,29.8 Set-associative caches — Deep Dive
29,Cache Organization,29.9 Fully associative caches,20,29.9 Fully associative caches
29,Cache Organization,29.9 Fully associative caches,21,29.9 Fully associative caches — Deep Dive
29,Cache Organization,Worked example — Decomposing an address,22,Worked example — Decomposing an address
29,Cache Organization,Worked example — Decomposing an address,23,Worked example — Decomposing an address — Deep Dive
29,Cache Organization,Worked example — Finding set and tag bits,24,Worked example — Finding set and tag bits
29,Cache Organization,Worked example — Finding set and tag bits,25,Worked example — Finding set and tag bits — Deep Dive
29,Cache Organization,Worked example — Direct-mapped conflict,26,Worked example — Direct-mapped conflict
29,Cache Organization,Worked example — Direct-mapped conflict,27,Worked example — Direct-mapped conflict — Deep Dive
29,Cache Organization,Guided lab and review,28,Guided lab and review
29,Cache Organization,Guided lab and review,29,Guided lab and review — Deep Dive
29,Cache Organization,Chapter synthesis,30,Chapter Synthesis
29,Cache Organization,Review and transition,31,Review and Transition
30,Cache Behavior,Chapter opening,1,Chapter 30 — Cache Behavior
30,Cache Behavior,Learning objectives,2,What This Chapter Builds
30,Cache Behavior,Roadmap,3,Chapter Roadmap
30,Cache Behavior,30.1 Cache hit,4,30.1 Cache hit
30,Cache Behavior,30.1 Cache hit,5,30.1 Cache hit — Deep Dive
30,Cache Behavior,30.2 Cache miss,6,30.2 Cache miss
30,Cache Behavior,30.2 Cache miss,7,30.2 Cache miss — Deep Dive
30,Cache Behavior,30.3 Hit rate,8,30.3 Hit rate
30,Cache Behavior,30.3 Hit rate,9,30.3 Hit rate — Deep Dive
30,Cache Behavior,30.4 Miss rate,10,30.4 Miss rate
30,Cache Behavior,30.4 Miss rate,11,30.4 Miss rate — Deep Dive
30,Cache Behavior,30.5 Compulsory misses,12,30.5 Compulsory misses
30,Cache Behavior,30.5 Compulsory misses,13,30.5 Compulsory misses — Deep Dive
30,Cache Behavior,30.6 Capacity misses,14,30.6 Capacity misses
30,Cache Behavior,30.6 Capacity misses,15,30.6 Capacity misses — Deep Dive
30,Cache Behavior,30.7 Conflict misses,16,30.7 Conflict misses
30,Cache Behavior,30.7 Conflict misses,17,30.7 Conflict misses — Deep Dive
30,Cache Behavior,Worked example — A small executable cache model,18,Worked example — A small executable cache model
30,Cache Behavior,Worked example — A small executable cache model,19,Worked example — A small executable cache model — Deep Dive
30,Cache Behavior,Worked example — Classifying first and repeated misses,20,Worked example — Classifying first and repeated misses
30,Cache Behavior,Worked example — Classifying first and repeated misses,21,Worked example — Classifying first and repeated misses — Deep Dive
30,Cache Behavior,Worked example — Computing hit rate,22,Worked example — Computing hit rate
30,Cache Behavior,Worked example — Computing hit rate,23,Worked example — Computing hit rate — Deep Dive
30,Cache Behavior,Guided lab and review,24,Guided lab and review
30,Cache Behavior,Guided lab and review,25,Guided lab and review — Deep Dive
30,Cache Behavior,Chapter synthesis,26,Chapter Synthesis
30,Cache Behavior,Review and transition,27,Review and Transition
31,Cache Replacement,Chapter opening,1,Chapter 31 — Cache Replacement
31,Cache Replacement,Learning objectives,2,What This Chapter Builds
31,Cache Replacement,Roadmap,3,Chapter Roadmap
31,Cache Replacement,31.1 FIFO,4,31.1 FIFO
31,Cache Replacement,31.1 FIFO,5,31.1 FIFO — Deep Dive
31,Cache Replacement,31.2 LRU,6,31.2 LRU
31,Cache Replacement,31.2 LRU,7,31.2 LRU — Deep Dive
31,Cache Replacement,31.3 Optimal replacement,8,31.3 Optimal replacement
31,Cache Replacement,31.3 Optimal replacement,9,31.3 Optimal replacement — Deep Dive
31,Cache Replacement,31.4 Eviction,10,31.4 Eviction
31,Cache Replacement,31.4 Eviction,11,31.4 Eviction — Deep Dive
31,Cache Replacement,31.5 Dirty blocks,12,31.5 Dirty blocks
31,Cache Replacement,31.5 Dirty blocks,13,31.5 Dirty blocks — Deep Dive
31,Cache Replacement,31.6 Clean blocks,14,31.6 Clean blocks
31,Cache Replacement,31.6 Clean blocks,15,31.6 Clean blocks — Deep Dive
31,Cache Replacement,Worked example — FIFO and LRU choose different victims,16,Worked example — FIFO and LRU choose different victims
31,Cache Replacement,Worked example — FIFO and LRU choose different victims,17,Worked example — FIFO and LRU choose different victims — Deep Dive
31,Cache Replacement,Worked example — LRU replacement,18,Worked example — LRU replacement
31,Cache Replacement,Worked example — LRU replacement,19,Worked example — LRU replacement — Deep Dive
31,Cache Replacement,Worked example — Dirty versus clean eviction,20,Worked example — Dirty versus clean eviction
31,Cache Replacement,Worked example — Dirty versus clean eviction,21,Worked example — Dirty versus clean eviction — Deep Dive
31,Cache Replacement,Guided lab and review,22,Guided lab and review
31,Cache Replacement,Guided lab and review,23,Guided lab and review — Deep Dive
31,Cache Replacement,Chapter synthesis,24,Chapter Synthesis
31,Cache Replacement,Review and transition,25,Review and Transition
32,Cache Performance,Chapter opening,1,Chapter 32 — Cache Performance
32,Cache Performance,Learning objectives,2,What This Chapter Builds
32,Cache Performance,Roadmap,3,Chapter Roadmap
32,Cache Performance,32.1 Average memory-access time,4,32.1 Average memory-access time
32,Cache Performance,32.1 Average memory-access time,5,32.1 Average memory-access time — Deep Dive
32,Cache Performance,32.2 Prefetching,6,32.2 Prefetching
32,Cache Performance,32.2 Prefetching,7,32.2 Prefetching — Deep Dive
32,Cache Performance,32.3 Batching,8,32.3 Batching
32,Cache Performance,32.3 Batching,9,32.3 Batching — Deep Dive
32,Cache Performance,32.4 Write coalescing,10,32.4 Write coalescing
32,Cache Performance,32.4 Write coalescing,11,32.4 Write coalescing — Deep Dive
32,Cache Performance,32.5 Cache-friendly data structures,12,32.5 Cache-friendly data structures
32,Cache Performance,32.5 Cache-friendly data structures,13,32.5 Cache-friendly data structures — Deep Dive
32,Cache Performance,32.6 Cache-friendly loops,14,32.6 Cache-friendly loops
32,Cache Performance,32.6 Cache-friendly loops,15,32.6 Cache-friendly loops — Deep Dive
32,Cache Performance,32.7 Locality optimization,16,32.7 Locality optimization
32,Cache Performance,32.7 Locality optimization,17,32.7 Locality optimization — Deep Dive
32,Cache Performance,Worked example — A two-level AMAT calculation,18,Worked example — A two-level AMAT calculation
32,Cache Performance,Worked example — A two-level AMAT calculation,19,Worked example — A two-level AMAT calculation — Deep Dive
32,Cache Performance,Worked example — Average memory-access time,20,Worked example — Average memory-access time
32,Cache Performance,Worked example — Average memory-access time,21,Worked example — Average memory-access time — Deep Dive
32,Cache Performance,Worked example — Loop interchange for locality,22,Worked example — Loop interchange for locality
32,Cache Performance,Worked example — Loop interchange for locality,23,Worked example — Loop interchange for locality — Deep Dive
32,Cache Performance,Guided lab and review,24,Guided lab and review
32,Cache Performance,Guided lab and review,25,Guided lab and review — Deep Dive
32,Cache Performance,Chapter synthesis,26,Chapter Synthesis
32,Cache Performance,Review and transition,27,Review and Transition
33,Files,Chapter opening,1,Chapter 33 — Files
33,Files,Learning objectives,2,What This Chapter Builds
33,Files,Roadmap,3,Chapter Roadmap
33,Files,33.1 Regular files,4,33.1 Regular files
33,Files,33.1 Regular files,5,33.1 Regular files — Deep Dive
33,Files,33.2 Streams,6,33.2 Streams
33,Files,33.2 Streams,7,33.2 Streams — Deep Dive
33,Files,33.3 Random-access files,8,33.3 Random-access files
33,Files,33.3 Random-access files,9,33.3 Random-access files — Deep Dive
33,Files,33.4 File position,10,33.4 File position
33,Files,33.4 File position,11,33.4 File position — Deep Dive
33,Files,33.5 Metadata,12,33.5 Metadata
33,Files,33.5 Metadata,13,33.5 Metadata — Deep Dive
33,Files,Worked example — Record boundaries without overflow,14,Worked example — Record boundaries without overflow
33,Files,Worked example — Record boundaries without overflow,15,Worked example — Record boundaries without overflow — Deep Dive
33,Files,Worked example — Sequential versus random file access,16,Worked example — Sequential versus random file access
33,Files,Worked example — Sequential versus random file access,17,Worked example — Sequential versus random file access — Deep Dive
33,Files,Worked example — Metadata is not file content,18,Worked example — Metadata is not file content
33,Files,Worked example — Metadata is not file content,19,Worked example — Metadata is not file content — Deep Dive
33,Files,Guided lab and review,20,Guided lab and review
33,Files,Guided lab and review,21,Guided lab and review — Deep Dive
33,Files,Chapter synthesis,22,Chapter Synthesis
33,Files,Review and transition,23,Review and Transition
34,File Descriptors,Chapter opening,1,Chapter 34 — File Descriptors
34,File Descriptors,Learning objectives,2,What This Chapter Builds
34,File Descriptors,Roadmap,3,Chapter Roadmap
34,File Descriptors,34.1 Descriptor tables,4,34.1 Descriptor tables
34,File Descriptors,34.1 Descriptor tables,5,34.1 Descriptor tables — Deep Dive
34,File Descriptors,34.2 Standard input,6,34.2 Standard input
34,File Descriptors,34.2 Standard input,7,34.2 Standard input — Deep Dive
34,File Descriptors,34.3 Standard output,8,34.3 Standard output
34,File Descriptors,34.3 Standard output,9,34.3 Standard output — Deep Dive
34,File Descriptors,34.4 Standard error,10,34.4 Standard error
34,File Descriptors,34.4 Standard error,11,34.4 Standard error — Deep Dive
34,File Descriptors,34.5 open,12,34.5 open
34,File Descriptors,34.5 open,13,34.5 open — Deep Dive
34,File Descriptors,34.6 read,14,34.6 read
34,File Descriptors,34.6 read,15,34.6 read — Deep Dive
34,File Descriptors,34.7 write,16,34.7 write
34,File Descriptors,34.7 write,17,34.7 write — Deep Dive
34,File Descriptors,34.8 close,18,34.8 close
34,File Descriptors,34.8 close,19,34.8 close — Deep Dive
34,File Descriptors,34.9 lseek,20,34.9 lseek
34,File Descriptors,34.9 lseek,21,34.9 lseek — Deep Dive
34,File Descriptors,Worked example — A complete-transfer copy loop,22,Worked example — A complete-transfer copy loop
34,File Descriptors,Worked example — A complete-transfer copy loop,23,Worked example — A complete-transfer copy loop — Deep Dive
34,File Descriptors,Worked example — Robust read loop,24,Worked example — Robust read loop
34,File Descriptors,Worked example — Robust read loop,25,Worked example — Robust read loop — Deep Dive
34,File Descriptors,Worked example — Duplicated descriptors share an open file description,26,Worked example — Duplicated descriptors share an open file description
34,File Descriptors,Worked example — Duplicated descriptors share an open file description,27,Worked example — Duplicated descriptors share an open file description — Deep Dive
34,File Descriptors,Guided lab and review,28,Guided lab and review
34,File Descriptors,Guided lab and review,29,Guided lab and review — Deep Dive
34,File Descriptors,Chapter synthesis,30,Chapter Synthesis
34,File Descriptors,Review and transition,31,Review and Transition
35,Buffered I/O,Chapter opening,1,Chapter 35 — Buffered I/O
35,Buffered I/O,Learning objectives,2,What This Chapter Builds
35,Buffered I/O,Roadmap,3,Chapter Roadmap
35,Buffered I/O,35.1 System-call overhead,4,35.1 System-call overhead
35,Buffered I/O,35.1 System-call overhead,5,35.1 System-call overhead — Deep Dive
35,Buffered I/O,35.2 User-space buffering,6,35.2 User-space buffering
35,Buffered I/O,35.2 User-space buffering,7,35.2 User-space buffering — Deep Dive
35,Buffered I/O,35.3 Standard I/O,8,35.3 Standard I/O
35,Buffered I/O,35.3 Standard I/O,9,35.3 Standard I/O — Deep Dive
35,Buffered I/O,35.4 FILE*,10,35.4 FILE*
35,Buffered I/O,35.4 FILE*,11,35.4 FILE* — Deep Dive
35,Buffered I/O,35.5 Read buffering,12,35.5 Read buffering
35,Buffered I/O,35.5 Read buffering,13,35.5 Read buffering — Deep Dive
35,Buffered I/O,35.6 Write buffering,14,35.6 Write buffering
35,Buffered I/O,35.6 Write buffering,15,35.6 Write buffering — Deep Dive
35,Buffered I/O,35.7 Buffer cache,16,35.7 Buffer cache
35,Buffered I/O,35.7 Buffer cache,17,35.7 Buffer cache — Deep Dive
35,Buffered I/O,"Worked example — Write, reposition, and read back",18,"Worked example — Write, reposition, and read back"
35,Buffered I/O,"Worked example — Write, reposition, and read back",19,"Worked example — Write, reposition, and read back — Deep Dive"
35,Buffered I/O,Worked example — Why buffering reduces calls,20,Worked example — Why buffering reduces calls
35,Buffered I/O,Worked example — Why buffering reduces calls,21,Worked example — Why buffering reduces calls — Deep Dive
35,Buffered I/O,Worked example — Flush boundaries,22,Worked example — Flush boundaries
35,Buffered I/O,Worked example — Flush boundaries,23,Worked example — Flush boundaries — Deep Dive
35,Buffered I/O,Guided lab and review,24,Guided lab and review
35,Buffered I/O,Guided lab and review,25,Guided lab and review — Deep Dive
35,Buffered I/O,Chapter synthesis,26,Chapter Synthesis
35,Buffered I/O,Review and transition,27,Review and Transition
36,Memory-Mapped Files,Chapter opening,1,Chapter 36 — Memory-Mapped Files
36,Memory-Mapped Files,Learning objectives,2,What This Chapter Builds
36,Memory-Mapped Files,Roadmap,3,Chapter Roadmap
36,Memory-Mapped Files,36.1 mmap,4,36.1 mmap
36,Memory-Mapped Files,36.1 mmap,5,36.1 mmap — Deep Dive
36,Memory-Mapped Files,36.2 Address mappings,6,36.2 Address mappings
36,Memory-Mapped Files,36.2 Address mappings,7,36.2 Address mappings — Deep Dive
36,Memory-Mapped Files,36.3 File-backed pages,8,36.3 File-backed pages
36,Memory-Mapped Files,36.3 File-backed pages,9,36.3 File-backed pages — Deep Dive
36,Memory-Mapped Files,36.4 Page faults,10,36.4 Page faults
36,Memory-Mapped Files,36.4 Page faults,11,36.4 Page faults — Deep Dive
36,Memory-Mapped Files,36.5 Mapping permissions,12,36.5 Mapping permissions
36,Memory-Mapped Files,36.5 Mapping permissions,13,36.5 Mapping permissions — Deep Dive
36,Memory-Mapped Files,36.6 Memory-mapped I/O,14,36.6 Memory-mapped I/O
36,Memory-Mapped Files,36.6 Memory-mapped I/O,15,36.6 Memory-mapped I/O — Deep Dive
36,Memory-Mapped Files,Worked example — A read-only mapped byte sum,16,Worked example — A read-only mapped byte sum
36,Memory-Mapped Files,Worked example — A read-only mapped byte sum,17,Worked example — A read-only mapped byte sum — Deep Dive
36,Memory-Mapped Files,Worked example — Summing a mapped file,18,Worked example — Summing a mapped file
36,Memory-Mapped Files,Worked example — Summing a mapped file,19,Worked example — Summing a mapped file — Deep Dive
36,Memory-Mapped Files,Worked example — Private versus shared mapping,20,Worked example — Private versus shared mapping
36,Memory-Mapped Files,Worked example — Private versus shared mapping,21,Worked example — Private versus shared mapping — Deep Dive
36,Memory-Mapped Files,Guided lab and review,22,Guided lab and review
36,Memory-Mapped Files,Guided lab and review,23,Guided lab and review — Deep Dive
36,Memory-Mapped Files,Chapter synthesis,24,Chapter Synthesis
36,Memory-Mapped Files,Review and transition,25,Review and Transition
37,Process Creation,Chapter opening,1,Chapter 37 — Process Creation
37,Process Creation,Learning objectives,2,What This Chapter Builds
37,Process Creation,Roadmap,3,Chapter Roadmap
37,Process Creation,37.1 fork,4,37.1 fork
37,Process Creation,37.1 fork,5,37.1 fork — Deep Dive
37,Process Creation,37.2 Parent process,6,37.2 Parent process
37,Process Creation,37.2 Parent process,7,37.2 Parent process — Deep Dive
37,Process Creation,37.3 Child process,8,37.3 Child process
37,Process Creation,37.3 Child process,9,37.3 Child process — Deep Dive
37,Process Creation,37.4 Return values,10,37.4 Return values
37,Process Creation,37.4 Return values,11,37.4 Return values — Deep Dive
37,Process Creation,37.5 Address-space duplication,12,37.5 Address-space duplication
37,Process Creation,37.5 Address-space duplication,13,37.5 Address-space duplication — Deep Dive
37,Process Creation,37.6 File-descriptor inheritance,14,37.6 File-descriptor inheritance
37,Process Creation,37.6 File-descriptor inheritance,15,37.6 File-descriptor inheritance — Deep Dive
37,Process Creation,37.7 Copy-on-write,16,37.7 Copy-on-write
37,Process Creation,37.7 Copy-on-write,17,37.7 Copy-on-write — Deep Dive
37,Process Creation,Worked example — Private values after fork,18,Worked example — Private values after fork
37,Process Creation,Worked example — Private values after fork,19,Worked example — Private values after fork — Deep Dive
37,Process Creation,Worked example — Interpreting fork returns,20,Worked example — Interpreting fork returns
37,Process Creation,Worked example — Interpreting fork returns,21,Worked example — Interpreting fork returns — Deep Dive
37,Process Creation,Worked example — Inherited descriptor example,22,Worked example — Inherited descriptor example
37,Process Creation,Worked example — Inherited descriptor example,23,Worked example — Inherited descriptor example — Deep Dive
37,Process Creation,Guided lab and review,24,Guided lab and review
37,Process Creation,Guided lab and review,25,Guided lab and review — Deep Dive
37,Process Creation,Chapter synthesis,26,Chapter Synthesis
37,Process Creation,Review and transition,27,Review and Transition
38,Program Execution,Chapter opening,1,Chapter 38 — Program Execution
38,Program Execution,Learning objectives,2,What This Chapter Builds
38,Program Execution,Roadmap,3,Chapter Roadmap
38,Program Execution,38.1 exec,4,38.1 exec
38,Program Execution,38.1 exec,5,38.1 exec — Deep Dive
38,Program Execution,38.2 execve,6,38.2 execve
38,Program Execution,38.2 execve,7,38.2 execve — Deep Dive
38,Program Execution,38.3 Program replacement,8,38.3 Program replacement
38,Program Execution,38.3 Program replacement,9,38.3 Program replacement — Deep Dive
38,Program Execution,38.4 Arguments,10,38.4 Arguments
38,Program Execution,38.4 Arguments,11,38.4 Arguments — Deep Dive
38,Program Execution,38.5 Environment,12,38.5 Environment
38,Program Execution,38.5 Environment,13,38.5 Environment — Deep Dive
38,Program Execution,38.6 Process images,14,38.6 Process images
38,Program Execution,38.6 Process images,15,38.6 Process images — Deep Dive
38,Program Execution,Worked example — Explicit arguments and environment,16,Worked example — Explicit arguments and environment
38,Program Execution,Worked example — Explicit arguments and environment,17,Worked example — Explicit arguments and environment — Deep Dive
38,Program Execution,Worked example — Exec does not create a second process,18,Worked example — Exec does not create a second process
38,Program Execution,Worked example — Exec does not create a second process,19,Worked example — Exec does not create a second process — Deep Dive
38,Program Execution,Worked example — Building argv correctly,20,Worked example — Building argv correctly
38,Program Execution,Worked example — Building argv correctly,21,Worked example — Building argv correctly — Deep Dive
38,Program Execution,Guided lab and review,22,Guided lab and review
38,Program Execution,Guided lab and review,23,Guided lab and review — Deep Dive
38,Program Execution,Chapter synthesis,24,Chapter Synthesis
38,Program Execution,Review and transition,25,Review and Transition
39,Process Termination,Chapter opening,1,Chapter 39 — Process Termination
39,Process Termination,Learning objectives,2,What This Chapter Builds
39,Process Termination,Roadmap,3,Chapter Roadmap
39,Process Termination,39.1 exit,4,39.1 exit
39,Process Termination,39.1 exit,5,39.1 exit — Deep Dive
39,Process Termination,39.2 Exit status,6,39.2 Exit status
39,Process Termination,39.2 Exit status,7,39.2 Exit status — Deep Dive
39,Process Termination,39.3 wait,8,39.3 wait
39,Process Termination,39.3 wait,9,39.3 wait — Deep Dive
39,Process Termination,39.4 waitpid,10,39.4 waitpid
39,Process Termination,39.4 waitpid,11,39.4 waitpid — Deep Dive
39,Process Termination,39.5 Zombie processes,12,39.5 Zombie processes
39,Process Termination,39.5 Zombie processes,13,39.5 Zombie processes — Deep Dive
39,Process Termination,39.6 Reaping children,14,39.6 Reaping children
39,Process Termination,39.6 Reaping children,15,39.6 Reaping children — Deep Dive
39,Process Termination,"Worked example — Decode status, not bit guesses",16,"Worked example — Decode status, not bit guesses"
39,Process Termination,"Worked example — Decode status, not bit guesses",17,"Worked example — Decode status, not bit guesses — Deep Dive"
39,Process Termination,Worked example — Reaping a child,18,Worked example — Reaping a child
39,Process Termination,Worked example — Reaping a child,19,Worked example — Reaping a child — Deep Dive
39,Process Termination,Worked example — Decoding success and failure,20,Worked example — Decoding success and failure
39,Process Termination,Worked example — Decoding success and failure,21,Worked example — Decoding success and failure — Deep Dive
39,Process Termination,Guided lab and review,22,Guided lab and review
39,Process Termination,Guided lab and review,23,Guided lab and review — Deep Dive
39,Process Termination,Chapter synthesis,24,Chapter Synthesis
39,Process Termination,Review and transition,25,Review and Transition
40,Pipes and Redirection,Chapter opening,1,Chapter 40 — Pipes and Redirection
40,Pipes and Redirection,Learning objectives,2,What This Chapter Builds
40,Pipes and Redirection,Roadmap,3,Chapter Roadmap
40,Pipes and Redirection,40.1 Pipes,4,40.1 Pipes
40,Pipes and Redirection,40.1 Pipes,5,40.1 Pipes — Deep Dive
40,Pipes and Redirection,40.2 Pipe buffers,6,40.2 Pipe buffers
40,Pipes and Redirection,40.2 Pipe buffers,7,40.2 Pipe buffers — Deep Dive
40,Pipes and Redirection,40.3 Blocking,8,40.3 Blocking
40,Pipes and Redirection,40.3 Blocking,9,40.3 Blocking — Deep Dive
40,Pipes and Redirection,40.4 File-descriptor duplication,10,40.4 File-descriptor duplication
40,Pipes and Redirection,40.4 File-descriptor duplication,11,40.4 File-descriptor duplication — Deep Dive
40,Pipes and Redirection,40.5 dup,12,40.5 dup
40,Pipes and Redirection,40.5 dup,13,40.5 dup — Deep Dive
40,Pipes and Redirection,40.6 dup2,14,40.6 dup2
40,Pipes and Redirection,40.6 dup2,15,40.6 dup2 — Deep Dive
40,Pipes and Redirection,40.7 Input redirection,16,40.7 Input redirection
40,Pipes and Redirection,40.7 Input redirection,17,40.7 Input redirection — Deep Dive
40,Pipes and Redirection,40.8 Output redirection,18,40.8 Output redirection
40,Pipes and Redirection,40.8 Output redirection,19,40.8 Output redirection — Deep Dive
40,Pipes and Redirection,40.9 Pipelines,20,40.9 Pipelines
40,Pipes and Redirection,40.9 Pipelines,21,40.9 Pipelines — Deep Dive
40,Pipes and Redirection,Worked example — Two concurrently started stages,22,Worked example — Two concurrently started stages
40,Pipes and Redirection,Worked example — Two concurrently started stages,23,Worked example — Two concurrently started stages — Deep Dive
40,Pipes and Redirection,Worked example — Constructing producer | consumer,24,Worked example — Constructing producer | consumer
40,Pipes and Redirection,Worked example — Constructing producer | consumer,25,Worked example — Constructing producer | consumer — Deep Dive
40,Pipes and Redirection,Worked example — Redirecting output,26,Worked example — Redirecting output
40,Pipes and Redirection,Worked example — Redirecting output,27,Worked example — Redirecting output — Deep Dive
40,Pipes and Redirection,Guided lab and review,28,Guided lab and review
40,Pipes and Redirection,Guided lab and review,29,Guided lab and review — Deep Dive
40,Pipes and Redirection,Chapter synthesis,30,Chapter Synthesis
40,Pipes and Redirection,Review and transition,31,Review and Transition
41,Signals,Chapter opening,1,Chapter 41 — Signals
41,Signals,Learning objectives,2,What This Chapter Builds
41,Signals,Roadmap,3,Chapter Roadmap
41,Signals,41.1 Asynchronous events,4,41.1 Asynchronous events
41,Signals,41.1 Asynchronous events,5,41.1 Asynchronous events — Deep Dive
41,Signals,41.2 Signal delivery,6,41.2 Signal delivery
41,Signals,41.2 Signal delivery,7,41.2 Signal delivery — Deep Dive
41,Signals,41.3 kill,8,41.3 kill
41,Signals,41.3 kill,9,41.3 kill — Deep Dive
41,Signals,41.4 sigaction,10,41.4 sigaction
41,Signals,41.4 sigaction,11,41.4 sigaction — Deep Dive
41,Signals,41.5 Signal handlers,12,41.5 Signal handlers
41,Signals,41.5 Signal handlers,13,41.5 Signal handlers — Deep Dive
41,Signals,41.6 Blocking signals,14,41.6 Blocking signals
41,Signals,41.6 Blocking signals,15,41.6 Blocking signals — Deep Dive
41,Signals,41.7 Pending signals,16,41.7 Pending signals
41,Signals,41.7 Pending signals,17,41.7 Pending signals — Deep Dive
41,Signals,41.8 Signal safety,18,41.8 Signal safety
41,Signals,41.8 Signal safety,19,41.8 Signal safety — Deep Dive
41,Signals,41.9 Signal races,20,41.9 Signal races
41,Signals,41.9 Signal races,21,41.9 Signal races — Deep Dive
41,Signals,41.10 Sleep/wakeup races,22,41.10 Sleep/wakeup races
41,Signals,41.10 Sleep/wakeup races,23,41.10 Sleep/wakeup races — Deep Dive
41,Signals,Worked example — Pending delivery without a lost wakeup,24,Worked example — Pending delivery without a lost wakeup
41,Signals,Worked example — Pending delivery without a lost wakeup,25,Worked example — Pending delivery without a lost wakeup — Deep Dive
41,Signals,Worked example — Safe signal notification,26,Worked example — Safe signal notification
41,Signals,Worked example — Safe signal notification,27,Worked example — Safe signal notification — Deep Dive
41,Signals,Worked example — Closing a sleep/wakeup race,28,Worked example — Closing a sleep/wakeup race
41,Signals,Worked example — Closing a sleep/wakeup race,29,Worked example — Closing a sleep/wakeup race — Deep Dive
41,Signals,Guided lab and review,30,Guided lab and review
41,Signals,Guided lab and review,31,Guided lab and review — Deep Dive
41,Signals,Chapter synthesis,32,Chapter Synthesis
41,Signals,Review and transition,33,Review and Transition
42,Shell Architecture,Chapter opening,1,Chapter 42 — Shell Architecture
42,Shell Architecture,Learning objectives,2,What This Chapter Builds
42,Shell Architecture,Roadmap,3,Chapter Roadmap
42,Shell Architecture,42.1 Parsing commands,4,42.1 Parsing commands
42,Shell Architecture,42.1 Parsing commands,5,42.1 Parsing commands — Deep Dive
42,Shell Architecture,42.2 Creating processes,6,42.2 Creating processes
42,Shell Architecture,42.2 Creating processes,7,42.2 Creating processes — Deep Dive
42,Shell Architecture,42.3 Executing programs,8,42.3 Executing programs
42,Shell Architecture,42.3 Executing programs,9,42.3 Executing programs — Deep Dive
42,Shell Architecture,42.4 Redirection,10,42.4 Redirection
42,Shell Architecture,42.4 Redirection,11,42.4 Redirection — Deep Dive
42,Shell Architecture,42.5 Pipelines,12,42.5 Pipelines
42,Shell Architecture,42.5 Pipelines,13,42.5 Pipelines — Deep Dive
42,Shell Architecture,42.6 Foreground jobs,14,42.6 Foreground jobs
42,Shell Architecture,42.6 Foreground jobs,15,42.6 Foreground jobs — Deep Dive
42,Shell Architecture,42.7 Background jobs,16,42.7 Background jobs
42,Shell Architecture,42.7 Background jobs,17,42.7 Background jobs — Deep Dive
42,Shell Architecture,42.8 Process groups,18,42.8 Process groups
42,Shell Architecture,42.8 Process groups,19,42.8 Process groups — Deep Dive
42,Shell Architecture,42.9 Job control,20,42.9 Job control
42,Shell Architecture,42.9 Job control,21,42.9 Job control — Deep Dive
42,Shell Architecture,Worked example — A typed lexer for a small command language,22,Worked example — A typed lexer for a small command language
42,Shell Architecture,Worked example — A typed lexer for a small command language,23,Worked example — A typed lexer for a small command language — Deep Dive
42,Shell Architecture,Worked example — Parsing before executing,24,Worked example — Parsing before executing
42,Shell Architecture,Worked example — Parsing before executing,25,Worked example — Parsing before executing — Deep Dive
42,Shell Architecture,Worked example — Foreground process group,26,Worked example — Foreground process group
42,Shell Architecture,Worked example — Foreground process group,27,Worked example — Foreground process group — Deep Dive
42,Shell Architecture,Guided lab and review,28,Guided lab and review
42,Shell Architecture,Guided lab and review,29,Guided lab and review — Deep Dive
42,Shell Architecture,Chapter synthesis,30,Chapter Synthesis
42,Shell Architecture,Review and transition,31,Review and Transition
43,Concurrent Execution,Chapter opening,1,Chapter 43 — Concurrent Execution
43,Concurrent Execution,Learning objectives,2,What This Chapter Builds
43,Concurrent Execution,Roadmap,3,Chapter Roadmap
43,Concurrent Execution,43.1 Concurrency,4,43.1 Concurrency
43,Concurrent Execution,43.1 Concurrency,5,43.1 Concurrency — Deep Dive
43,Concurrent Execution,43.2 Parallelism,6,43.2 Parallelism
43,Concurrent Execution,43.2 Parallelism,7,43.2 Parallelism — Deep Dive
43,Concurrent Execution,43.3 Processes,8,43.3 Processes
43,Concurrent Execution,43.3 Processes,9,43.3 Processes — Deep Dive
43,Concurrent Execution,43.4 Threads,10,43.4 Threads
43,Concurrent Execution,43.4 Threads,11,43.4 Threads — Deep Dive
43,Concurrent Execution,43.5 Interleavings,12,43.5 Interleavings
43,Concurrent Execution,43.5 Interleavings,13,43.5 Interleavings — Deep Dive
43,Concurrent Execution,43.6 Nondeterminism,14,43.6 Nondeterminism
43,Concurrent Execution,43.6 Nondeterminism,15,43.6 Nondeterminism — Deep Dive
43,Concurrent Execution,43.7 Multicore execution,16,43.7 Multicore execution
43,Concurrent Execution,43.7 Multicore execution,17,43.7 Multicore execution — Deep Dive
43,Concurrent Execution,Worked example — Enumerating an abstract lost update,18,Worked example — Enumerating an abstract lost update
43,Concurrent Execution,Worked example — Enumerating an abstract lost update,19,Worked example — Enumerating an abstract lost update — Deep Dive
43,Concurrent Execution,Worked example — Enumerating interleavings,20,Worked example — Enumerating interleavings
43,Concurrent Execution,Worked example — Enumerating interleavings,21,Worked example — Enumerating interleavings — Deep Dive
43,Concurrent Execution,Worked example — Concurrency without parallelism,22,Worked example — Concurrency without parallelism
43,Concurrent Execution,Worked example — Concurrency without parallelism,23,Worked example — Concurrency without parallelism — Deep Dive
43,Concurrent Execution,Guided lab and review,24,Guided lab and review
43,Concurrent Execution,Guided lab and review,25,Guided lab and review — Deep Dive
43,Concurrent Execution,Chapter synthesis,26,Chapter Synthesis
43,Concurrent Execution,Review and transition,27,Review and Transition
44,Threads,Chapter opening,1,Chapter 44 — Threads
44,Threads,Learning objectives,2,What This Chapter Builds
44,Threads,Roadmap,3,Chapter Roadmap
44,Threads,44.1 Thread creation,4,44.1 Thread creation
44,Threads,44.1 Thread creation,5,44.1 Thread creation — Deep Dive
44,Threads,44.2 Thread termination,6,44.2 Thread termination
44,Threads,44.2 Thread termination,7,44.2 Thread termination — Deep Dive
44,Threads,44.3 Joining,8,44.3 Joining
44,Threads,44.3 Joining,9,44.3 Joining — Deep Dive
44,Threads,44.4 Shared address spaces,10,44.4 Shared address spaces
44,Threads,44.4 Shared address spaces,11,44.4 Shared address spaces — Deep Dive
44,Threads,44.5 Thread-local state,12,44.5 Thread-local state
44,Threads,44.5 Thread-local state,13,44.5 Thread-local state — Deep Dive
44,Threads,44.6 Thread stacks,14,44.6 Thread stacks
44,Threads,44.6 Thread stacks,15,44.6 Thread stacks — Deep Dive
44,Threads,44.7 Thread scheduling,16,44.7 Thread scheduling
44,Threads,44.7 Thread scheduling,17,44.7 Thread scheduling — Deep Dive
44,Threads,Worked example — Independent partial sums,18,Worked example — Independent partial sums
44,Threads,Worked example — Independent partial sums,19,Worked example — Independent partial sums — Deep Dive
44,Threads,Worked example — Joining a worker,20,Worked example — Joining a worker
44,Threads,Worked example — Joining a worker,21,Worked example — Joining a worker — Deep Dive
44,Threads,Worked example — Thread-local versus shared state,22,Worked example — Thread-local versus shared state
44,Threads,Worked example — Thread-local versus shared state,23,Worked example — Thread-local versus shared state — Deep Dive
44,Threads,Guided lab and review,24,Guided lab and review
44,Threads,Guided lab and review,25,Guided lab and review — Deep Dive
44,Threads,Chapter synthesis,26,Chapter Synthesis
44,Threads,Review and transition,27,Review and Transition
45,Race Conditions,Chapter opening,1,Chapter 45 — Race Conditions
45,Race Conditions,Learning objectives,2,What This Chapter Builds
45,Race Conditions,Roadmap,3,Chapter Roadmap
45,Race Conditions,45.1 Shared state,4,45.1 Shared state
45,Race Conditions,45.1 Shared state,5,45.1 Shared state — Deep Dive
45,Race Conditions,45.2 Conflicting accesses,6,45.2 Conflicting accesses
45,Race Conditions,45.2 Conflicting accesses,7,45.2 Conflicting accesses — Deep Dive
45,Race Conditions,45.3 Race conditions,8,45.3 Race conditions
45,Race Conditions,45.3 Race conditions,9,45.3 Race conditions — Deep Dive
45,Race Conditions,45.4 Data races,10,45.4 Data races
45,Race Conditions,45.4 Data races,11,45.4 Data races — Deep Dive
45,Race Conditions,45.5 Atomicity,12,45.5 Atomicity
45,Race Conditions,45.5 Atomicity,13,45.5 Atomicity — Deep Dive
45,Race Conditions,45.6 Critical sections,14,45.6 Critical sections
45,Race Conditions,45.6 Critical sections,15,45.6 Critical sections — Deep Dive
45,Race Conditions,Worked example — A data-race-free lost update,16,Worked example — A data-race-free lost update
45,Race Conditions,Worked example — A data-race-free lost update,17,Worked example — A data-race-free lost update — Deep Dive
45,Race Conditions,Worked example — Lost update race,18,Worked example — Lost update race
45,Race Conditions,Worked example — Lost update race,19,Worked example — Lost update race — Deep Dive
45,Race Conditions,Worked example — Critical-section repair,20,Worked example — Critical-section repair
45,Race Conditions,Worked example — Critical-section repair,21,Worked example — Critical-section repair — Deep Dive
45,Race Conditions,Guided lab and review,22,Guided lab and review
45,Race Conditions,Guided lab and review,23,Guided lab and review — Deep Dive
45,Race Conditions,Chapter synthesis,24,Chapter Synthesis
45,Race Conditions,Review and transition,25,Review and Transition
46,Atomic Operations,Chapter opening,1,Chapter 46 — Atomic Operations
46,Atomic Operations,Learning objectives,2,What This Chapter Builds
46,Atomic Operations,Roadmap,3,Chapter Roadmap
46,Atomic Operations,46.1 Atomic loads,4,46.1 Atomic loads
46,Atomic Operations,46.1 Atomic loads,5,46.1 Atomic loads — Deep Dive
46,Atomic Operations,46.2 Atomic stores,6,46.2 Atomic stores
46,Atomic Operations,46.2 Atomic stores,7,46.2 Atomic stores — Deep Dive
46,Atomic Operations,46.3 Read-modify-write,8,46.3 Read-modify-write
46,Atomic Operations,46.3 Read-modify-write,9,46.3 Read-modify-write — Deep Dive
46,Atomic Operations,46.4 Atomic variables,10,46.4 Atomic variables
46,Atomic Operations,46.4 Atomic variables,11,46.4 Atomic variables — Deep Dive
46,Atomic Operations,46.5 Compare-and-swap,12,46.5 Compare-and-swap
46,Atomic Operations,46.5 Compare-and-swap,13,46.5 Compare-and-swap — Deep Dive
46,Atomic Operations,46.6 Memory ordering,14,46.6 Memory ordering
46,Atomic Operations,46.6 Memory ordering,15,46.6 Memory ordering — Deep Dive
46,Atomic Operations,Worked example — One-shot publication,16,Worked example — One-shot publication
46,Atomic Operations,Worked example — One-shot publication,17,Worked example — One-shot publication — Deep Dive
46,Atomic Operations,Worked example — Compare-and-swap loop,18,Worked example — Compare-and-swap loop
46,Atomic Operations,Worked example — Compare-and-swap loop,19,Worked example — Compare-and-swap loop — Deep Dive
46,Atomic Operations,Worked example — Release/acquire publication,20,Worked example — Release/acquire publication
46,Atomic Operations,Worked example — Release/acquire publication,21,Worked example — Release/acquire publication — Deep Dive
46,Atomic Operations,Guided lab and review,22,Guided lab and review
46,Atomic Operations,Guided lab and review,23,Guided lab and review — Deep Dive
46,Atomic Operations,Chapter synthesis,24,Chapter Synthesis
46,Atomic Operations,Review and transition,25,Review and Transition
47,Mutual Exclusion,Chapter opening,1,Chapter 47 — Mutual Exclusion
47,Mutual Exclusion,Learning objectives,2,What This Chapter Builds
47,Mutual Exclusion,Roadmap,3,Chapter Roadmap
47,Mutual Exclusion,47.1 Mutexes,4,47.1 Mutexes
47,Mutual Exclusion,47.1 Mutexes,5,47.1 Mutexes — Deep Dive
47,Mutual Exclusion,47.2 Lock,6,47.2 Lock
47,Mutual Exclusion,47.2 Lock,7,47.2 Lock — Deep Dive
47,Mutual Exclusion,47.3 Unlock,8,47.3 Unlock
47,Mutual Exclusion,47.3 Unlock,9,47.3 Unlock — Deep Dive
47,Mutual Exclusion,47.4 Critical sections,10,47.4 Critical sections
47,Mutual Exclusion,47.4 Critical sections,11,47.4 Critical sections — Deep Dive
47,Mutual Exclusion,47.5 Protected state,12,47.5 Protected state
47,Mutual Exclusion,47.5 Protected state,13,47.5 Protected state — Deep Dive
47,Mutual Exclusion,47.6 Lock invariants,14,47.6 Lock invariants
47,Mutual Exclusion,47.6 Lock invariants,15,47.6 Lock invariants — Deep Dive
47,Mutual Exclusion,47.7 Coarse-grained locking,16,47.7 Coarse-grained locking
47,Mutual Exclusion,47.7 Coarse-grained locking,17,47.7 Coarse-grained locking — Deep Dive
47,Mutual Exclusion,47.8 Fine-grained locking,18,47.8 Fine-grained locking
47,Mutual Exclusion,47.8 Fine-grained locking,19,47.8 Fine-grained locking — Deep Dive
47,Mutual Exclusion,Worked example — Preserve a conservation invariant,20,Worked example — Preserve a conservation invariant
47,Mutual Exclusion,Worked example — Preserve a conservation invariant,21,Worked example — Preserve a conservation invariant — Deep Dive
47,Mutual Exclusion,Worked example — Protecting a bank balance,22,Worked example — Protecting a bank balance
47,Mutual Exclusion,Worked example — Protecting a bank balance,23,Worked example — Protecting a bank balance — Deep Dive
47,Mutual Exclusion,Worked example — Coarse versus fine locking,24,Worked example — Coarse versus fine locking
47,Mutual Exclusion,Worked example — Coarse versus fine locking,25,Worked example — Coarse versus fine locking — Deep Dive
47,Mutual Exclusion,Guided lab and review,26,Guided lab and review
47,Mutual Exclusion,Guided lab and review,27,Guided lab and review — Deep Dive
47,Mutual Exclusion,Chapter synthesis,28,Chapter Synthesis
47,Mutual Exclusion,Review and transition,29,Review and Transition
48,Condition Variables,Chapter opening,1,Chapter 48 — Condition Variables
48,Condition Variables,Learning objectives,2,What This Chapter Builds
48,Condition Variables,Roadmap,3,Chapter Roadmap
48,Condition Variables,48.1 Waiting,4,48.1 Waiting
48,Condition Variables,48.1 Waiting,5,48.1 Waiting — Deep Dive
48,Condition Variables,48.2 Notification,6,48.2 Notification
48,Condition Variables,48.2 Notification,7,48.2 Notification — Deep Dive
48,Condition Variables,48.3 wait,8,48.3 wait
48,Condition Variables,48.3 wait,9,48.3 wait — Deep Dive
48,Condition Variables,48.4 notify_one,10,48.4 notify_one
48,Condition Variables,48.4 notify_one,11,48.4 notify_one — Deep Dive
48,Condition Variables,48.5 notify_all,12,48.5 notify_all
48,Condition Variables,48.5 notify_all,13,48.5 notify_all — Deep Dive
48,Condition Variables,48.6 Predicate loops,14,48.6 Predicate loops
48,Condition Variables,48.6 Predicate loops,15,48.6 Predicate loops — Deep Dive
48,Condition Variables,48.7 Sleep/wakeup races,16,48.7 Sleep/wakeup races
48,Condition Variables,48.7 Sleep/wakeup races,17,48.7 Sleep/wakeup races — Deep Dive
48,Condition Variables,48.8 Lost wakeups,18,48.8 Lost wakeups
48,Condition Variables,48.8 Lost wakeups,19,48.8 Lost wakeups — Deep Dive
48,Condition Variables,Worked example — Notification before waiting is safe with a predicate,20,Worked example — Notification before waiting is safe with a predicate
48,Condition Variables,Worked example — Notification before waiting is safe with a predicate,21,Worked example — Notification before waiting is safe with a predicate — Deep Dive
48,Condition Variables,Worked example — Correct wait loop,22,Worked example — Correct wait loop
48,Condition Variables,Worked example — Correct wait loop,23,Worked example — Correct wait loop — Deep Dive
48,Condition Variables,Worked example — notify_one versus notify_all,24,Worked example — notify_one versus notify_all
48,Condition Variables,Worked example — notify_one versus notify_all,25,Worked example — notify_one versus notify_all — Deep Dive
48,Condition Variables,Guided lab and review,26,Guided lab and review
48,Condition Variables,Guided lab and review,27,Guided lab and review — Deep Dive
48,Condition Variables,Chapter synthesis,28,Chapter Synthesis
48,Condition Variables,Review and transition,29,Review and Transition
49,Producer–Consumer Systems,Chapter opening,1,Chapter 49 — Producer–Consumer Systems
49,Producer–Consumer Systems,Learning objectives,2,What This Chapter Builds
49,Producer–Consumer Systems,Roadmap,3,Chapter Roadmap
49,Producer–Consumer Systems,49.1 Producers,4,49.1 Producers
49,Producer–Consumer Systems,49.1 Producers,5,49.1 Producers — Deep Dive
49,Producer–Consumer Systems,49.2 Consumers,6,49.2 Consumers
49,Producer–Consumer Systems,49.2 Consumers,7,49.2 Consumers — Deep Dive
49,Producer–Consumer Systems,49.3 Shared buffers,8,49.3 Shared buffers
49,Producer–Consumer Systems,49.3 Shared buffers,9,49.3 Shared buffers — Deep Dive
49,Producer–Consumer Systems,49.4 Bounded buffers,10,49.4 Bounded buffers
49,Producer–Consumer Systems,49.4 Bounded buffers,11,49.4 Bounded buffers — Deep Dive
49,Producer–Consumer Systems,49.5 Buffer-full condition,12,49.5 Buffer-full condition
49,Producer–Consumer Systems,49.5 Buffer-full condition,13,49.5 Buffer-full condition — Deep Dive
49,Producer–Consumer Systems,49.6 Buffer-empty condition,14,49.6 Buffer-empty condition
49,Producer–Consumer Systems,49.6 Buffer-empty condition,15,49.6 Buffer-empty condition — Deep Dive
49,Producer–Consumer Systems,49.7 Mutex synchronization,16,49.7 Mutex synchronization
49,Producer–Consumer Systems,49.7 Mutex synchronization,17,49.7 Mutex synchronization — Deep Dive
49,Producer–Consumer Systems,49.8 Condition-variable synchronization,18,49.8 Condition-variable synchronization
49,Producer–Consumer Systems,49.8 Condition-variable synchronization,19,49.8 Condition-variable synchronization — Deep Dive
49,Producer–Consumer Systems,"Worked example — A bounded, drainable integer queue",20,"Worked example — A bounded, drainable integer queue"
49,Producer–Consumer Systems,"Worked example — A bounded, drainable integer queue",21,"Worked example — A bounded, drainable integer queue — Deep Dive"
49,Producer–Consumer Systems,Worked example — Bounded buffer state transitions,22,Worked example — Bounded buffer state transitions
49,Producer–Consumer Systems,Worked example — Bounded buffer state transitions,23,Worked example — Bounded buffer state transitions — Deep Dive
49,Producer–Consumer Systems,Worked example — Why two predicates matter,24,Worked example — Why two predicates matter
49,Producer–Consumer Systems,Worked example — Why two predicates matter,25,Worked example — Why two predicates matter — Deep Dive
49,Producer–Consumer Systems,Guided lab and review,26,Guided lab and review
49,Producer–Consumer Systems,Guided lab and review,27,Guided lab and review — Deep Dive
49,Producer–Consumer Systems,Chapter synthesis,28,Chapter Synthesis
49,Producer–Consumer Systems,Review and transition,29,Review and Transition
50,Deadlock,Chapter opening,1,Chapter 50 — Deadlock
50,Deadlock,Learning objectives,2,What This Chapter Builds
50,Deadlock,Roadmap,3,Chapter Roadmap
50,Deadlock,50.1 Deadlock conditions,4,50.1 Deadlock conditions
50,Deadlock,50.1 Deadlock conditions,5,50.1 Deadlock conditions — Deep Dive
50,Deadlock,50.2 Mutual exclusion,6,50.2 Mutual exclusion
50,Deadlock,50.2 Mutual exclusion,7,50.2 Mutual exclusion — Deep Dive
50,Deadlock,50.3 Hold and wait,8,50.3 Hold and wait
50,Deadlock,50.3 Hold and wait,9,50.3 Hold and wait — Deep Dive
50,Deadlock,50.4 No preemption,10,50.4 No preemption
50,Deadlock,50.4 No preemption,11,50.4 No preemption — Deep Dive
50,Deadlock,50.5 Circular wait,12,50.5 Circular wait
50,Deadlock,50.5 Circular wait,13,50.5 Circular wait — Deep Dive
50,Deadlock,50.6 Wait-for graphs,14,50.6 Wait-for graphs
50,Deadlock,50.6 Wait-for graphs,15,50.6 Wait-for graphs — Deep Dive
50,Deadlock,50.7 Lock ordering,16,50.7 Lock ordering
50,Deadlock,50.7 Lock ordering,17,50.7 Lock ordering — Deep Dive
50,Deadlock,50.8 Deadlock prevention,18,50.8 Deadlock prevention
50,Deadlock,50.8 Deadlock prevention,19,50.8 Deadlock prevention — Deep Dive
50,Deadlock,50.9 Deadlock avoidance,20,50.9 Deadlock avoidance
50,Deadlock,50.9 Deadlock avoidance,21,50.9 Deadlock avoidance — Deep Dive
50,Deadlock,Worked example — Opposite-direction transfers without opposite lock order,22,Worked example — Opposite-direction transfers without opposite lock order
50,Deadlock,Worked example — Opposite-direction transfers without opposite lock order,23,Worked example — Opposite-direction transfers without opposite lock order — Deep Dive
50,Deadlock,Worked example — Detecting a circular wait,24,Worked example — Detecting a circular wait
50,Deadlock,Worked example — Detecting a circular wait,25,Worked example — Detecting a circular wait — Deep Dive
50,Deadlock,Worked example — Avoiding nested locks with transfer ordering,26,Worked example — Avoiding nested locks with transfer ordering
50,Deadlock,Worked example — Avoiding nested locks with transfer ordering,27,Worked example — Avoiding nested locks with transfer ordering — Deep Dive
50,Deadlock,Guided lab and review,28,Guided lab and review
50,Deadlock,Guided lab and review,29,Guided lab and review — Deep Dive
50,Deadlock,Chapter synthesis,30,Chapter Synthesis
50,Deadlock,Review and transition,31,Review and Transition
51,Network Programming,Chapter opening,1,Chapter 51 — Network Programming
51,Network Programming,Learning objectives,2,What This Chapter Builds
51,Network Programming,Roadmap,3,Chapter Roadmap
51,Network Programming,51.1 Sockets,4,51.1 Sockets
51,Network Programming,51.1 Sockets,5,51.1 Sockets — Deep Dive
51,Network Programming,51.2 socket,6,51.2 socket
51,Network Programming,51.2 socket,7,51.2 socket — Deep Dive
51,Network Programming,51.3 bind,8,51.3 bind
51,Network Programming,51.3 bind,9,51.3 bind — Deep Dive
51,Network Programming,51.4 listen,10,51.4 listen
51,Network Programming,51.4 listen,11,51.4 listen — Deep Dive
51,Network Programming,51.5 accept,12,51.5 accept
51,Network Programming,51.5 accept,13,51.5 accept — Deep Dive
51,Network Programming,51.6 connect,14,51.6 connect
51,Network Programming,51.6 connect,15,51.6 connect — Deep Dive
51,Network Programming,51.7 Client/server architecture,16,51.7 Client/server architecture
51,Network Programming,51.7 Client/server architecture,17,51.7 Client/server architecture — Deep Dive
51,Network Programming,51.8 TCP connections,18,51.8 TCP connections
51,Network Programming,51.8 TCP connections,19,51.8 TCP connections — Deep Dive
51,Network Programming,Worked example — A bounded framed loopback exchange,20,Worked example — A bounded framed loopback exchange
51,Network Programming,Worked example — A bounded framed loopback exchange,21,Worked example — A bounded framed loopback exchange — Deep Dive
51,Network Programming,Worked example — TCP server lifecycle,22,Worked example — TCP server lifecycle
51,Network Programming,Worked example — TCP server lifecycle,23,Worked example — TCP server lifecycle — Deep Dive
51,Network Programming,Worked example — Framing over a byte stream,24,Worked example — Framing over a byte stream
51,Network Programming,Worked example — Framing over a byte stream,25,Worked example — Framing over a byte stream — Deep Dive
51,Network Programming,Guided lab and review,26,Guided lab and review
51,Network Programming,Guided lab and review,27,Guided lab and review — Deep Dive
51,Network Programming,Chapter synthesis,28,Chapter Synthesis
51,Network Programming,Review and transition,29,Review and Transition
52,Concurrent Servers,Chapter opening,1,Chapter 52 — Concurrent Servers
52,Concurrent Servers,Learning objectives,2,What This Chapter Builds
52,Concurrent Servers,Roadmap,3,Chapter Roadmap
52,Concurrent Servers,52.1 Thread-per-connection,4,52.1 Thread-per-connection
52,Concurrent Servers,52.1 Thread-per-connection,5,52.1 Thread-per-connection — Deep Dive
52,Concurrent Servers,52.2 Connection state,6,52.2 Connection state
52,Concurrent Servers,52.2 Connection state,7,52.2 Connection state — Deep Dive
52,Concurrent Servers,52.3 Shared resources,8,52.3 Shared resources
52,Concurrent Servers,52.3 Shared resources,9,52.3 Shared resources — Deep Dive
52,Concurrent Servers,52.4 Synchronization,10,52.4 Synchronization
52,Concurrent Servers,52.4 Synchronization,11,52.4 Synchronization — Deep Dive
52,Concurrent Servers,52.5 Resource exhaustion,12,52.5 Resource exhaustion
52,Concurrent Servers,52.5 Resource exhaustion,13,52.5 Resource exhaustion — Deep Dive
52,Concurrent Servers,Worked example — Derive an admission budget,14,Worked example — Derive an admission budget
52,Concurrent Servers,Worked example — Derive an admission budget,15,Worked example — Derive an admission budget — Deep Dive
52,Concurrent Servers,Worked example — Thread-per-connection budget,16,Worked example — Thread-per-connection budget
52,Concurrent Servers,Worked example — Thread-per-connection budget,17,Worked example — Thread-per-connection budget — Deep Dive
52,Concurrent Servers,Worked example — Shared cache synchronization,18,Worked example — Shared cache synchronization
52,Concurrent Servers,Worked example — Shared cache synchronization,19,Worked example — Shared cache synchronization — Deep Dive
52,Concurrent Servers,Guided lab and review,20,Guided lab and review
52,Concurrent Servers,Guided lab and review,21,Guided lab and review — Deep Dive
52,Concurrent Servers,Chapter synthesis,22,Chapter Synthesis
52,Concurrent Servers,Review and transition,23,Review and Transition
53,Event-Driven I/O,Chapter opening,1,Chapter 53 — Event-Driven I/O
53,Event-Driven I/O,Learning objectives,2,What This Chapter Builds
53,Event-Driven I/O,Roadmap,3,Chapter Roadmap
53,Event-Driven I/O,53.1 Blocking,4,53.1 Blocking
53,Event-Driven I/O,53.1 Blocking,5,53.1 Blocking — Deep Dive
53,Event-Driven I/O,53.2 Polling,6,53.2 Polling
53,Event-Driven I/O,53.2 Polling,7,53.2 Polling — Deep Dive
53,Event-Driven I/O,53.3 select,8,53.3 select
53,Event-Driven I/O,53.3 select,9,53.3 select — Deep Dive
53,Event-Driven I/O,53.4 poll,10,53.4 poll
53,Event-Driven I/O,53.4 poll,11,53.4 poll — Deep Dive
53,Event-Driven I/O,53.5 epoll,12,53.5 epoll
53,Event-Driven I/O,53.5 epoll,13,53.5 epoll — Deep Dive
53,Event-Driven I/O,53.6 Event loops,14,53.6 Event loops
53,Event-Driven I/O,53.6 Event loops,15,53.6 Event loops — Deep Dive
53,Event-Driven I/O,53.7 Active connections,16,53.7 Active connections
53,Event-Driven I/O,53.7 Active connections,17,53.7 Active connections — Deep Dive
53,Event-Driven I/O,53.8 Scaling large numbers of connections,18,53.8 Scaling large numbers of connections
53,Event-Driven I/O,53.8 Scaling large numbers of connections,19,53.8 Scaling large numbers of connections — Deep Dive
53,Event-Driven I/O,Worked example — Drain an edge-triggered stream through EOF,20,Worked example — Drain an edge-triggered stream through EOF
53,Event-Driven I/O,Worked example — Drain an edge-triggered stream through EOF,21,Worked example — Drain an edge-triggered stream through EOF — Deep Dive
53,Event-Driven I/O,Worked example — Readiness loop with epoll,22,Worked example — Readiness loop with epoll
53,Event-Driven I/O,Worked example — Readiness loop with epoll,23,Worked example — Readiness loop with epoll — Deep Dive
53,Event-Driven I/O,Worked example — Why nonblocking matters,24,Worked example — Why nonblocking matters
53,Event-Driven I/O,Worked example — Why nonblocking matters,25,Worked example — Why nonblocking matters — Deep Dive
53,Event-Driven I/O,Guided lab and review,26,Guided lab and review
53,Event-Driven I/O,Guided lab and review,27,Guided lab and review — Deep Dive
53,Event-Driven I/O,Chapter synthesis,28,Chapter Synthesis
53,Event-Driven I/O,Review and transition,29,Review and Transition
54,Measuring Performance,Chapter opening,1,Chapter 54 — Measuring Performance
54,Measuring Performance,Learning objectives,2,What This Chapter Builds
54,Measuring Performance,Roadmap,3,Chapter Roadmap
54,Measuring Performance,54.1 Latency,4,54.1 Latency
54,Measuring Performance,54.1 Latency,5,54.1 Latency — Deep Dive
54,Measuring Performance,54.2 Throughput,6,54.2 Throughput
54,Measuring Performance,54.2 Throughput,7,54.2 Throughput — Deep Dive
54,Measuring Performance,54.3 CPU time,8,54.3 CPU time
54,Measuring Performance,54.3 CPU time,9,54.3 CPU time — Deep Dive
54,Measuring Performance,54.4 Wall-clock time,10,54.4 Wall-clock time
54,Measuring Performance,54.4 Wall-clock time,11,54.4 Wall-clock time — Deep Dive
54,Measuring Performance,54.5 Utilization,12,54.5 Utilization
54,Measuring Performance,54.5 Utilization,13,54.5 Utilization — Deep Dive
54,Measuring Performance,54.6 Benchmarking,14,54.6 Benchmarking
54,Measuring Performance,54.6 Benchmarking,15,54.6 Benchmarking — Deep Dive
54,Measuring Performance,54.7 Measurement error,16,54.7 Measurement error
54,Measuring Performance,54.7 Measurement error,17,54.7 Measurement error — Deep Dive
54,Measuring Performance,Worked example — A checksum-protected timing boundary,18,Worked example — A checksum-protected timing boundary
54,Measuring Performance,Worked example — A checksum-protected timing boundary,19,Worked example — A checksum-protected timing boundary — Deep Dive
54,Measuring Performance,Worked example — Throughput and latency,20,Worked example — Throughput and latency
54,Measuring Performance,Worked example — Throughput and latency,21,Worked example — Throughput and latency — Deep Dive
54,Measuring Performance,Worked example — CPU time versus wall time,22,Worked example — CPU time versus wall time
54,Measuring Performance,Worked example — CPU time versus wall time,23,Worked example — CPU time versus wall time — Deep Dive
54,Measuring Performance,Guided lab and review,24,Guided lab and review
54,Measuring Performance,Guided lab and review,25,Guided lab and review — Deep Dive
54,Measuring Performance,Chapter synthesis,26,Chapter Synthesis
54,Measuring Performance,Review and transition,27,Review and Transition
55,Program Optimization,Chapter opening,1,Chapter 55 — Program Optimization
55,Program Optimization,Learning objectives,2,What This Chapter Builds
55,Program Optimization,Roadmap,3,Chapter Roadmap
55,Program Optimization,55.1 Algorithmic optimization,4,55.1 Algorithmic optimization
55,Program Optimization,55.1 Algorithmic optimization,5,55.1 Algorithmic optimization — Deep Dive
55,Program Optimization,55.2 Compiler optimization,6,55.2 Compiler optimization
55,Program Optimization,55.2 Compiler optimization,7,55.2 Compiler optimization — Deep Dive
55,Program Optimization,55.3 Memory optimization,8,55.3 Memory optimization
55,Program Optimization,55.3 Memory optimization,9,55.3 Memory optimization — Deep Dive
55,Program Optimization,55.4 Cache optimization,10,55.4 Cache optimization
55,Program Optimization,55.4 Cache optimization,11,55.4 Cache optimization — Deep Dive
55,Program Optimization,55.5 Reducing allocations,12,55.5 Reducing allocations
55,Program Optimization,55.5 Reducing allocations,13,55.5 Reducing allocations — Deep Dive
55,Program Optimization,55.6 Batching,14,55.6 Batching
55,Program Optimization,55.6 Batching,15,55.6 Batching — Deep Dive
55,Program Optimization,55.7 Data-layout optimization,16,55.7 Data-layout optimization
55,Program Optimization,55.7 Data-layout optimization,17,55.7 Data-layout optimization — Deep Dive
55,Program Optimization,55.8 Branch behavior,18,55.8 Branch behavior
55,Program Optimization,55.8 Branch behavior,19,55.8 Branch behavior — Deep Dive
55,Program Optimization,Worked example — Prefix sums replace repeated scans,20,Worked example — Prefix sums replace repeated scans
55,Program Optimization,Worked example — Prefix sums replace repeated scans,21,Worked example — Prefix sums replace repeated scans — Deep Dive
55,Program Optimization,Worked example — Reducing algorithmic work,22,Worked example — Reducing algorithmic work
55,Program Optimization,Worked example — Reducing algorithmic work,23,Worked example — Reducing algorithmic work — Deep Dive
55,Program Optimization,Worked example — Structure-of-arrays example,24,Worked example — Structure-of-arrays example
55,Program Optimization,Worked example — Structure-of-arrays example,25,Worked example — Structure-of-arrays example — Deep Dive
55,Program Optimization,Guided lab and review,26,Guided lab and review
55,Program Optimization,Guided lab and review,27,Guided lab and review — Deep Dive
55,Program Optimization,Chapter synthesis,28,Chapter Synthesis
55,Program Optimization,Review and transition,29,Review and Transition
56,Performance Analysis,Chapter opening,1,Chapter 56 — Performance Analysis
56,Performance Analysis,Learning objectives,2,What This Chapter Builds
56,Performance Analysis,Roadmap,3,Chapter Roadmap
56,Performance Analysis,56.1 Identifying bottlenecks,4,56.1 Identifying bottlenecks
56,Performance Analysis,56.1 Identifying bottlenecks,5,56.1 Identifying bottlenecks — Deep Dive
56,Performance Analysis,56.2 CPU-bound workloads,6,56.2 CPU-bound workloads
56,Performance Analysis,56.2 CPU-bound workloads,7,56.2 CPU-bound workloads — Deep Dive
56,Performance Analysis,56.3 Memory-bound workloads,8,56.3 Memory-bound workloads
56,Performance Analysis,56.3 Memory-bound workloads,9,56.3 Memory-bound workloads — Deep Dive
56,Performance Analysis,56.4 I/O-bound workloads,10,56.4 I/O-bound workloads
56,Performance Analysis,56.4 I/O-bound workloads,11,56.4 I/O-bound workloads — Deep Dive
56,Performance Analysis,56.5 Profiling,12,56.5 Profiling
56,Performance Analysis,56.5 Profiling,13,56.5 Profiling — Deep Dive
56,Performance Analysis,56.6 Scaling,14,56.6 Scaling
56,Performance Analysis,56.6 Scaling,15,56.6 Scaling — Deep Dive
56,Performance Analysis,56.7 Amdahl’s law,16,56.7 Amdahl’s law
56,Performance Analysis,56.7 Amdahl’s law,17,56.7 Amdahl’s law — Deep Dive
56,Performance Analysis,Worked example — Quantify the improvement ceiling,18,Worked example — Quantify the improvement ceiling
56,Performance Analysis,Worked example — Quantify the improvement ceiling,19,Worked example — Quantify the improvement ceiling — Deep Dive
56,Performance Analysis,Worked example — Amdahl calculation,20,Worked example — Amdahl calculation
56,Performance Analysis,Worked example — Amdahl calculation,21,Worked example — Amdahl calculation — Deep Dive
56,Performance Analysis,Worked example — Distinguishing CPU- and memory-bound behavior,22,Worked example — Distinguishing CPU- and memory-bound behavior
56,Performance Analysis,Worked example — Distinguishing CPU- and memory-bound behavior,23,Worked example — Distinguishing CPU- and memory-bound behavior — Deep Dive
56,Performance Analysis,Guided lab and review,24,Guided lab and review
56,Performance Analysis,Guided lab and review,25,Guided lab and review — Deep Dive
56,Performance Analysis,Chapter synthesis,26,Chapter Synthesis
56,Performance Analysis,Review and transition,27,Review and Transition
57,Memory-Safety Vulnerabilities,Chapter opening,1,Chapter 57 — Memory-Safety Vulnerabilities
57,Memory-Safety Vulnerabilities,Learning objectives,2,What This Chapter Builds
57,Memory-Safety Vulnerabilities,Roadmap,3,Chapter Roadmap
57,Memory-Safety Vulnerabilities,57.1 Buffer overflows,4,57.1 Buffer overflows
57,Memory-Safety Vulnerabilities,57.1 Buffer overflows,5,57.1 Buffer overflows — Deep Dive
57,Memory-Safety Vulnerabilities,57.2 Stack corruption,6,57.2 Stack corruption
57,Memory-Safety Vulnerabilities,57.2 Stack corruption,7,57.2 Stack corruption — Deep Dive
57,Memory-Safety Vulnerabilities,57.3 Heap corruption,8,57.3 Heap corruption
57,Memory-Safety Vulnerabilities,57.3 Heap corruption,9,57.3 Heap corruption — Deep Dive
57,Memory-Safety Vulnerabilities,57.4 Use-after-free,10,57.4 Use-after-free
57,Memory-Safety Vulnerabilities,57.4 Use-after-free,11,57.4 Use-after-free — Deep Dive
57,Memory-Safety Vulnerabilities,57.5 Integer errors,12,57.5 Integer errors
57,Memory-Safety Vulnerabilities,57.5 Integer errors,13,57.5 Integer errors — Deep Dive
57,Memory-Safety Vulnerabilities,Worked example — Validate one complete bounded frame,14,Worked example — Validate one complete bounded frame
57,Memory-Safety Vulnerabilities,Worked example — Validate one complete bounded frame,15,Worked example — Validate one complete bounded frame — Deep Dive
57,Memory-Safety Vulnerabilities,Worked example — Length-field integer bug,16,Worked example — Length-field integer bug
57,Memory-Safety Vulnerabilities,Worked example — Length-field integer bug,17,Worked example — Length-field integer bug — Deep Dive
57,Memory-Safety Vulnerabilities,Worked example — Stack overwrite boundary,18,Worked example — Stack overwrite boundary
57,Memory-Safety Vulnerabilities,Worked example — Stack overwrite boundary,19,Worked example — Stack overwrite boundary — Deep Dive
57,Memory-Safety Vulnerabilities,Guided lab and review,20,Guided lab and review
57,Memory-Safety Vulnerabilities,Guided lab and review,21,Guided lab and review — Deep Dive
57,Memory-Safety Vulnerabilities,Chapter synthesis,22,Chapter Synthesis
57,Memory-Safety Vulnerabilities,Review and transition,23,Review and Transition
58,Exploit Mitigations,Chapter opening,1,Chapter 58 — Exploit Mitigations
58,Exploit Mitigations,Learning objectives,2,What This Chapter Builds
58,Exploit Mitigations,Roadmap,3,Chapter Roadmap
58,Exploit Mitigations,58.1 Stack canaries,4,58.1 Stack canaries
58,Exploit Mitigations,58.1 Stack canaries,5,58.1 Stack canaries — Deep Dive
58,Exploit Mitigations,58.2 Non-executable memory,6,58.2 Non-executable memory
58,Exploit Mitigations,58.2 Non-executable memory,7,58.2 Non-executable memory — Deep Dive
58,Exploit Mitigations,58.3 Address-space randomization,8,58.3 Address-space randomization
58,Exploit Mitigations,58.3 Address-space randomization,9,58.3 Address-space randomization — Deep Dive
58,Exploit Mitigations,58.4 Memory permissions,10,58.4 Memory permissions
58,Exploit Mitigations,58.4 Memory permissions,11,58.4 Memory permissions — Deep Dive
58,Exploit Mitigations,58.5 Privilege separation,12,58.5 Privilege separation
58,Exploit Mitigations,58.5 Privilege separation,13,58.5 Privilege separation — Deep Dive
58,Exploit Mitigations,Worked example — Build and inspect a hardened parser,14,Worked example — Build and inspect a hardened parser
58,Exploit Mitigations,Worked example — Build and inspect a hardened parser,15,Worked example — Build and inspect a hardened parser — Deep Dive
58,Exploit Mitigations,Worked example — What a stack canary checks,16,Worked example — What a stack canary checks
58,Exploit Mitigations,Worked example — What a stack canary checks,17,Worked example — What a stack canary checks — Deep Dive
58,Exploit Mitigations,Worked example — ASLR and PIE together,18,Worked example — ASLR and PIE together
58,Exploit Mitigations,Worked example — ASLR and PIE together,19,Worked example — ASLR and PIE together — Deep Dive
58,Exploit Mitigations,Guided lab and review,20,Guided lab and review
58,Exploit Mitigations,Guided lab and review,21,Guided lab and review — Deep Dive
58,Exploit Mitigations,Chapter synthesis,22,Chapter Synthesis
58,Exploit Mitigations,Review and transition,23,Review and Transition
59,System Robustness,Chapter opening,1,Chapter 59 — System Robustness
59,System Robustness,Learning objectives,2,What This Chapter Builds
59,System Robustness,Roadmap,3,Chapter Roadmap
59,System Robustness,59.1 Defensive programming,4,59.1 Defensive programming
59,System Robustness,59.1 Defensive programming,5,59.1 Defensive programming — Deep Dive
59,System Robustness,59.2 Error handling,6,59.2 Error handling
59,System Robustness,59.2 Error handling,7,59.2 Error handling — Deep Dive
59,System Robustness,59.3 Return values,8,59.3 Return values
59,System Robustness,59.3 Return values,9,59.3 Return values — Deep Dive
59,System Robustness,59.4 errno,10,59.4 errno
59,System Robustness,59.4 errno,11,59.4 errno — Deep Dive
59,System Robustness,59.5 Assertions,12,59.5 Assertions
59,System Robustness,59.5 Assertions,13,59.5 Assertions — Deep Dive
59,System Robustness,59.6 Sanitizers,14,59.6 Sanitizers
59,System Robustness,59.6 Sanitizers,15,59.6 Sanitizers — Deep Dive
59,System Robustness,59.7 Resource cleanup,16,59.7 Resource cleanup
59,System Robustness,59.7 Resource cleanup,17,59.7 Resource cleanup — Deep Dive
59,System Robustness,59.8 Failure recovery,18,59.8 Failure recovery
59,System Robustness,59.8 Failure recovery,19,59.8 Failure recovery — Deep Dive
59,System Robustness,Worked example — A checked snapshot protocol in a private temporary directory,20,Worked example — A checked snapshot protocol in a private temporary directory
59,System Robustness,Worked example — A checked snapshot protocol in a private temporary directory,21,Worked example — A checked snapshot protocol in a private temporary directory — Deep Dive
59,System Robustness,Worked example — errno handling,22,Worked example — errno handling
59,System Robustness,Worked example — errno handling,23,Worked example — errno handling — Deep Dive
59,System Robustness,Worked example — Cleanup on partial failure,24,Worked example — Cleanup on partial failure
59,System Robustness,Worked example — Cleanup on partial failure,25,Worked example — Cleanup on partial failure — Deep Dive
59,System Robustness,Guided lab and review,26,Guided lab and review
59,System Robustness,Guided lab and review,27,Guided lab and review — Deep Dive
59,System Robustness,Chapter synthesis,28,Chapter Synthesis
59,System Robustness,Review and transition,29,Review and Transition
60,From Source Code to Running Program,Chapter opening,1,Chapter 60 — From Source Code to Running Program
60,From Source Code to Running Program,Learning objectives,2,What This Chapter Builds
60,From Source Code to Running Program,Roadmap,3,Chapter Roadmap
60,From Source Code to Running Program,60.1 Source Code → Compiler,4,60.1 Source Code → Compiler
60,From Source Code to Running Program,60.1 Source Code → Compiler,5,60.1 Source Code → Compiler — Deep Dive
60,From Source Code to Running Program,60.2 Compiler → Assembly,6,60.2 Compiler → Assembly
60,From Source Code to Running Program,60.2 Compiler → Assembly,7,60.2 Compiler → Assembly — Deep Dive
60,From Source Code to Running Program,60.3 Assembly → Object Code,8,60.3 Assembly → Object Code
60,From Source Code to Running Program,60.3 Assembly → Object Code,9,60.3 Assembly → Object Code — Deep Dive
60,From Source Code to Running Program,60.4 Object Code → Linker,10,60.4 Object Code → Linker
60,From Source Code to Running Program,60.4 Object Code → Linker,11,60.4 Object Code → Linker — Deep Dive
60,From Source Code to Running Program,60.5 Executable → Loader,12,60.5 Executable → Loader
60,From Source Code to Running Program,60.5 Executable → Loader,13,60.5 Executable → Loader — Deep Dive
60,From Source Code to Running Program,60.6 Loader → Virtual Address Space,14,60.6 Loader → Virtual Address Space
60,From Source Code to Running Program,60.6 Loader → Virtual Address Space,15,60.6 Loader → Virtual Address Space — Deep Dive
60,From Source Code to Running Program,60.7 Instructions → CPU,16,60.7 Instructions → CPU
60,From Source Code to Running Program,60.7 Instructions → CPU,17,60.7 Instructions → CPU — Deep Dive
60,From Source Code to Running Program,60.8 CPU → Registers and Caches,18,60.8 CPU → Registers and Caches
60,From Source Code to Running Program,60.8 CPU → Registers and Caches,19,60.8 CPU → Registers and Caches — Deep Dive
60,From Source Code to Running Program,60.9 Cache → Main Memory,20,60.9 Cache → Main Memory
60,From Source Code to Running Program,60.9 Cache → Main Memory,21,60.9 Cache → Main Memory — Deep Dive
60,From Source Code to Running Program,60.10 Program → System Call,22,60.10 Program → System Call
60,From Source Code to Running Program,60.10 Program → System Call,23,60.10 Program → System Call — Deep Dive
60,From Source Code to Running Program,60.11 System Call → Kernel,24,60.11 System Call → Kernel
60,From Source Code to Running Program,60.11 System Call → Kernel,25,60.11 System Call → Kernel — Deep Dive
60,From Source Code to Running Program,60.12 Kernel → Hardware,26,60.12 Kernel → Hardware
60,From Source Code to Running Program,60.12 Kernel → Hardware,27,60.12 Kernel → Hardware — Deep Dive
60,From Source Code to Running Program,Worked example — Build and trace a complete byte-summary utility,28,Worked example — Build and trace a complete byte-summary utility
60,From Source Code to Running Program,Worked example — Build and trace a complete byte-summary utility,29,Worked example — Build and trace a complete byte-summary utility — Deep Dive
60,From Source Code to Running Program,Worked example — Following one global variable,30,Worked example — Following one global variable
60,From Source Code to Running Program,Worked example — Following one global variable,31,Worked example — Following one global variable — Deep Dive
60,From Source Code to Running Program,Worked example — Following one write system call,32,Worked example — Following one write system call
60,From Source Code to Running Program,Worked example — Following one write system call,33,Worked example — Following one write system call — Deep Dive
60,From Source Code to Running Program,Guided lab and review,34,Guided lab and review
60,From Source Code to Running Program,Guided lab and review,35,Guided lab and review — Deep Dive
60,From Source Code to Running Program,Chapter synthesis,36,Chapter Synthesis
60,From Source Code to Running Program,Review and transition,37,Review and Transition
61,Putting the System Together,Chapter opening,1,Chapter 61 — Putting the System Together
61,Putting the System Together,Learning objectives,2,What This Chapter Builds
61,Putting the System Together,Roadmap,3,Chapter Roadmap
61,Putting the System Together,61.1 Data Representation → Machine Instructions,4,61.1 Data Representation → Machine Instructions
61,Putting the System Together,61.1 Data Representation → Machine Instructions,5,61.1 Data Representation → Machine Instructions — Deep Dive
61,Putting the System Together,61.2 Machine Instructions → Processor Execution,6,61.2 Machine Instructions → Processor Execution
61,Putting the System Together,61.2 Machine Instructions → Processor Execution,7,61.2 Machine Instructions → Processor Execution — Deep Dive
61,Putting the System Together,61.3 Processor Execution → Memory Hierarchy,8,61.3 Processor Execution → Memory Hierarchy
61,Putting the System Together,61.3 Processor Execution → Memory Hierarchy,9,61.3 Processor Execution → Memory Hierarchy — Deep Dive
61,Putting the System Together,61.4 Virtual Memory → Process Isolation,10,61.4 Virtual Memory → Process Isolation
61,Putting the System Together,61.4 Virtual Memory → Process Isolation,11,61.4 Virtual Memory → Process Isolation — Deep Dive
61,Putting the System Together,61.5 Processes → Files and I/O,12,61.5 Processes → Files and I/O
61,Putting the System Together,61.5 Processes → Files and I/O,13,61.5 Processes → Files and I/O — Deep Dive
61,Putting the System Together,61.6 Processes → Interprocess Communication,14,61.6 Processes → Interprocess Communication
61,Putting the System Together,61.6 Processes → Interprocess Communication,15,61.6 Processes → Interprocess Communication — Deep Dive
61,Putting the System Together,61.7 Threads → Shared Memory,16,61.7 Threads → Shared Memory
61,Putting the System Together,61.7 Threads → Shared Memory,17,61.7 Threads → Shared Memory — Deep Dive
61,Putting the System Together,61.8 Shared Memory → Synchronization,18,61.8 Shared Memory → Synchronization
61,Putting the System Together,61.8 Shared Memory → Synchronization,19,61.8 Shared Memory → Synchronization — Deep Dive
61,Putting the System Together,61.9 Synchronization → Correct Concurrent Programs,20,61.9 Synchronization → Correct Concurrent Programs
61,Putting the System Together,61.9 Synchronization → Correct Concurrent Programs,21,61.9 Synchronization → Correct Concurrent Programs — Deep Dive
61,Putting the System Together,61.10 Architecture → Performance,22,61.10 Architecture → Performance
61,Putting the System Together,61.10 Architecture → Performance,23,61.10 Architecture → Performance — Deep Dive
61,Putting the System Together,61.11 Operating System → Resource Management,24,61.11 Operating System → Resource Management
61,Putting the System Together,61.11 Operating System → Resource Management,25,61.11 Operating System → Resource Management — Deep Dive
61,Putting the System Together,61.12 Correctness + Performance + Security + Robustness,26,61.12 Correctness + Performance + Security + Robustness
61,Putting the System Together,61.12 Correctness + Performance + Security + Robustness,27,61.12 Correctness + Performance + Security + Robustness — Deep Dive
61,Putting the System Together,Worked example — A bounded concurrent byte-summary pipeline,28,Worked example — A bounded concurrent byte-summary pipeline
61,Putting the System Together,Worked example — A bounded concurrent byte-summary pipeline,29,Worked example — A bounded concurrent byte-summary pipeline — Deep Dive
61,Putting the System Together,Worked example — End-to-end array sum,30,Worked example — End-to-end array sum
61,Putting the System Together,Worked example — End-to-end array sum,31,Worked example — End-to-end array sum — Deep Dive
61,Putting the System Together,Worked example — End-to-end concurrent server request,32,Worked example — End-to-end concurrent server request
61,Putting the System Together,Worked example — End-to-end concurrent server request,33,Worked example — End-to-end concurrent server request — Deep Dive
61,Putting the System Together,Guided lab and review,34,Guided lab and review
61,Putting the System Together,Guided lab and review,35,Guided lab and review — Deep Dive
61,Putting the System Together,Chapter synthesis,36,Chapter Synthesis
61,Putting the System Together,Review and transition,37,Review and Transition
